Name,SMILES
fda_enamine0,CN1C(=O)OC(C)(C)C1=O
fda_enamine1,CCC1(C)CC(=O)NC(=O)C1
fda_enamine2,N[C@@H](CSCC(=O)O)C(=O)O
fda_enamine3,I.CN/C(=N\C)/NCc1ccccc1
fda_enamine4,Nc1c2ccccc2nc2ccccc12
fda_enamine5,NS(=O)(=O)c1cc2c(NCNS2(=O)=O)cc1Cl
fda_enamine6,COc1ccc2cc(ccc2c1)[C@H](C)C(=O)O
fda_enamine7,Cc1ccnc(NS(=O)(=O)c2ccc(N)cc2)n1
fda_enamine8,OS(=O)(=O)c1ccc2nc([nH]c2c1)c1ccccc1
fda_enamine9,ONC(=O)CCCCCCC(=O)Nc1ccccc1
fda_enamine10,CCCCCCCCCCCCCCCCCC(=O)O
fda_enamine11,CS(=O)(=O)O.Oc1ccc(cc1)C1CNCCc2c(Cl)c(O)c(O)cc12
fda_enamine12,CC(=O)Oc1ccccc1C(=O)Nc1ncc(s1)[N+](=O)[O-]
fda_enamine13,COc1cc2CCN3CC(CC(C)C)C(=O)CC3c2cc1OC
fda_enamine14,CC(C)/N=c/1\cc2-c(nc3c(n2c2ccc(Cl)cc2)cccc3)cc1Nc1ccc(Cl)cc1
fda_enamine15,Cl.O=C1CC2(CCCC2)CC(=O)N1CCCCN1CCN(CC1)c1ncccn1
fda_enamine16,CC(C)c1nnc(C)n1C1C[C@@H]2CC[C@H](C1)N2CC[C@H](NC(=O)C1CCC(F)(F)CC1)c1ccccc1
fda_enamine17,OCCOCCOC(=O)c1ccccc1Nc1cccc(c1)C(F)(F)F
fda_enamine18,Cl.[Cl-].Cc1c(CCO)sc[n+]1Cc1cnc(C)nc1N
fda_enamine19,C(N1CCCNCCNCCCNCC1)c1ccc(CN2CCCNCCNCCCNCC2)cc1
fda_enamine20,COc1ccc(C[C@@H]2c3cc(OC)c(OC)cc3CC[N@+]2(C)CCC(=O)OCCCCCOC(=O)CC[N@@+]2(C)CCc3cc(OC)c(OC)cc3[C@H]2Cc2ccc(OC)c(OC)c2)cc1OC.[O-]S(=O)(=O)c1ccccc1.[O-]S(=O)(=O)c1ccccc1
fda_enamine21,CCc1c2Cn3c(-c2nc2ccc(O)cc12)cc1c(COC(=O)[C@]1(O)CC)c3=O
fda_enamine22,CN1C(=C(O)c2sccc2S1(=O)=O)C(=O)Nc1ccccn1
fda_enamine23,O.O.O.Br.CN1[C@H]2C[C@@H](C[C@@H]1[C@H]1O[C@@H]21)OC(=O)[C@H](CO)c1ccccc1
fda_enamine24,CCC1OC(=O)[C@H](C)C(O[C@H]2C[C@@](C)(OC)[C@@H](O)[C@H](C)O2)[C@H](C)[C@@H](O[C@@H]2O[C@H](C)C[C@@H]([C@H]2O)N(C)C)[C@@](C)(C[C@@H](C)C(=O)[C@H](C)[C@@H](O)[C@]1(C)O)OC
fda_enamine25,[O-][N+](=O)O[C@@H]1CO[C@@H]2[C@H](CO[C@H]12)O[N+](=O)[O-]
fda_enamine26,CN(C)C(=O)[C@H]1CC[C@H](NC(=O)C(=O)Nc2ccc(Cl)cn2)[C@@H](C1)NC(=O)c1nc2CCN(C)Cc2s1
fda_enamine27,Cl.Cc1ccc(cc1)/C(=C\CN1CCCC1)/c1ccccn1
fda_enamine28,OCc1ccccc1
fda_enamine29,Clc1ccc2oc(=O)[nH]c2c1
fda_enamine30,[Cl-].C[N+](C)(C)CCOC(=O)N
fda_enamine31,C[C@H](N)[C@H](O)c1cccc(O)c1.O[C@H]([C@@H](O)C(=O)O)C(=O)O
fda_enamine32,CN1CCC[C@H]1c1cccnc1
fda_enamine33,NS(=O)(=O)Cc1noc2ccccc12
fda_enamine34,Cc1ccc(nc1)c1ccc(C)cn1
fda_enamine35,Cl.C[C@H](c1c[nH]cn1)c1cccc(C)c1C
fda_enamine36,Cl.CC(C)NCC(O)COc1cccc2ccccc12
fda_enamine37,C[C@H](Cn1cnc2c(N)ncnc12)OCP(=O)(O)O
fda_enamine38,CC(C)(C#N)c1cc(Cn2cncn2)cc(c1)C(C)(C)C#N
fda_enamine39,Cl.CCCNCC(O)COc1ccccc1C(=O)CCc1ccccc1
fda_enamine40,CC(C(=O)Nc1cc(C)ccn1)c1cccc(c1)C(=O)c1ccccc1
fda_enamine41,Oc1ccc(cc1)C1(OS(=O)(=O)c2ccccc12)c1ccc(O)cc1
fda_enamine42,COc1ccc2c(c1)C(=O)N(CCc1ccc(cc1)S(=O)(=O)NC(=O)NC1CCCCC1)C(=O)C2(C)C
fda_enamine43,CCN1CCN(C(=O)N[C@@H](C(=O)N[C@H]2[C@H]3SCC(=C(N3C2=O)C(=O)O)CSc2nnnn2C)c2ccc(O)cc2)C(=O)C1=O
fda_enamine44,O.O.O.O.O.Cl.Cl.CN[C@@H]1[C@H](O)[C@H](NC)[C@H]2O[C@]3(O)[C@@H](O[C@H](C)CC3=O)O[C@@H]2[C@H]1O
fda_enamine45,COc1ccc(cc1)n1nc(C(=O)N)c2CCN(C(=O)c12)c1ccc(cc1)N1CCCCC1=O
fda_enamine46,N[C@@H](CCC(=O)N[C@@H](CS)C(=O)NCC(=O)O)C(=O)O
fda_enamine47,C[C@H]1[C@H](NC(=O)/C(=N/OC(C)(C)C(=O)O)/c2csc(N)n2)C(=O)N1S(=O)(=O)O
fda_enamine48,Cl.CN(C)CCCN1c2ccccc2CCc2ccc(Cl)cc12
fda_enamine49,O.Cl.Cl.CCO.C[C@@H]1[C@H]2[C@H](O)[C@H]3[C@H](N(C)C)C(=C(C(=O)N)C(=O)[C@@]3(O)C(=C2C(=O)c2c(O)cccc12)O)O.C[C@@H]1[C@H]2[C@H](O)[C@H]3[C@H](N(C)C)C(=C(C(=O)N)C(=O)[C@@]3(O)C(=C2C(=O)c2c(O)cccc12)O)O
fda_enamine50,CC(C)CCC[C@@H](C)CCC[C@@H](C)CCC[C@]1(C)CCc2c(C)c(O)c(C)c(C)c2O1
fda_enamine51,O.[Na+].Cc1onc(c1C(=O)N[C@H]1[C@H]2SC(C)(C)[C@@H](N2C1=O)C(=O)[O-])c1ccccc1Cl
fda_enamine52,O=C1CCc2cc(OCCCCc3nnnn3C3CCCCC3)ccc2N1
fda_enamine53,COc1ccccc1O
fda_enamine54,CSCC[C@H](N)C(=O)O
fda_enamine55,CN(CC#C)Cc1ccccc1
fda_enamine56,CC[C@H](N1CCCC1=O)C(=O)N
fda_enamine57,CC(C)(Oc1ccc(Cl)cc1)C(=O)O
fda_enamine58,Cn1nnc2c(ncn2c1=O)C(=O)N
fda_enamine59,COc1ccccc1OCC(O)CO
fda_enamine60,Cc1cccc(C)c1NC1=NCCCS1
fda_enamine61,[Na+].CC(C)(CO)[C@@H](O)C(=O)NCCC(=O)[O-]
fda_enamine62,Cl.CC(C)NCC(O)c1ccc(O)c(O)c1
fda_enamine63,CC(C)NCC(O)c1cc(O)cc(O)c1.CC(C)NCC(O)c1cc(O)cc(O)c1.OS(=O)(=O)O
fda_enamine64,O.O.Cl.NC(=N)NC(=O)c1nc(Cl)c(N)nc1N
fda_enamine65,CC(N(O)C(=O)N)c1cc2ccccc2s1
fda_enamine66,Nc1ccc(cc1)S(=O)(=O)c1ccc(N)cc1
fda_enamine67,NC(=O)OCC(COC(=O)N)c1ccccc1
fda_enamine68,CC1CCN(CCCC(=O)c2ccc(F)cc2)CC1
fda_enamine69,O=C1NCC2(CCN(CCc3ccccc3)CC2)O1
fda_enamine70,CCC(=O)NCC[C@@H]1CCc2ccc3OCCc3c12
fda_enamine71,Cl.COc1ccc(cc1)C(CN(C)C)C1(O)CCCCC1
fda_enamine72,[O-][N+](=O)c1cc(ccc1C(=O)C1C(=O)CCCC1=O)C(F)(F)F
fda_enamine73,NC(=N)c1ccc(OCCCCCOc2ccc(cc2)C(=N)N)cc1
fda_enamine74,Cn1c(=O)cc(N2CCC[C@@H](N)C2)n(Cc2ccccc2C#N)c1=O
fda_enamine75,CC1(C)O[C@@H]2CO[C@@]3(COS(=O)(=O)N)OC(C)(C)O[C@H]3[C@@H]2O1
fda_enamine76,Clc1cccc(N2CCN(CCCCOc3ccc4CCC(=O)Nc4c3)CC2)c1Cl
fda_enamine77,C[C@]12CC[C@H]3[C@@H](CCc4cc(O)ccc34)[C@@H]1CC[C@@]2(O)C#C
fda_enamine78,CCCCCCCN(CC)CCCC(O)c1ccc(NS(=O)(=O)C)cc1.CCCCCCCN(CC)CCCC(O)c1ccc(NS(=O)(=O)C)cc1.OC(=O)/C=C/C(=O)O
fda_enamine79,CC(C)(C)c1cc(c(NC(=O)c2c[nH]c3ccccc3c2=O)cc1O)C(C)(C)C
fda_enamine80,Cl.Cl.OCCOCCN1CCN(CC1)C(c1ccccc1)c1ccc(Cl)cc1
fda_enamine81,[Na+].[Na+].Nc1nc2[nH]cc(CCc3ccc(cc3)C(=O)N[C@H](CCC(=O)[O-])C(=O)[O-])c2c(=O)[nH]1
fda_enamine82,[Cl-].CN(C)c1ccc2nc3ccc(cc3[s+]c2c1)N(C)C
fda_enamine83,C[C@]12CC[C@H]3[C@@H](CCc4cc(O)ccc34)[C@@H]1CC[C@@H]2O
fda_enamine84,C[C@@H](CN1CC(=O)NC(=O)C1)N1CC(=O)NC(=O)C1
fda_enamine85,CN(C)c1ccc(cc1)[C@H]1C[C@@]2(C)[C@@H](CC[C@]2(OC(=O)C)C(=O)C)[C@@H]2CCC3=CC(=O)CCC3=C12
fda_enamine86,Cl.CCCCOc1ccc(OCCCN2CCOCC2)cc1
fda_enamine87,NC(=O)c1ccccc1O
fda_enamine88,COc1cc(/C=C/C(=O)CC(=O)/C=C/c2ccc(O)c(OC)c2)ccc1O
fda_enamine89,Cl.Oc1ccc(cc1)c1sc2cc(O)ccc2c1C(=O)c1ccc(OCCN2CCCCC2)cc1
fda_enamine90,C[C@H](CCC(=O)O)[C@H]1CC[C@H]2[C@@H]3[C@@H](O)C[C@@H]4C[C@H](O)CC[C@]4(C)[C@H]3CC[C@]12C
fda_enamine91,CCC1OC(=O)[C@H](C)C(O[C@H]2C[C@@](C)(OC)[C@@H](O)[C@H](C)O2)[C@H](C)[C@@H](O[C@@H]2O[C@H](C)C[C@@H]([C@H]2O)N(C)C)[C@](C)(O)C[C@@H](C)C(=O)[C@H](C)[C@@H](O)[C@]1(C)O
fda_enamine92,Cl.CCN[C@H]1C[C@H](C)S(=O)(=O)c2sc(cc12)S(=O)(=O)N
fda_enamine93,CC(C)(C)NC(=O)[C@@H]1CN(Cc2cccnc2)CCN1C[C@@H](O)C[C@@H](Cc1ccccc1)C(=O)N[C@@H]1[C@H](O)Cc2ccccc12.OS(=O)(=O)O
fda_enamine94,N[C@H]1[C@@H]2CN(C[C@H]12)c1nc2n(cc(C(=O)O)c(=O)c2cc1F)c1ccc(F)cc1F
fda_enamine95,N[C@@H]1CCCCN(C1)c1c(F)cc2c(=O)c(cn(C3CC3)c2c1Cl)C(=O)O
fda_enamine96,CC[C@@H]([C@H](C)O)n1ncn(c2ccc(cc2)N2CCN(CC2)c2ccc(OC[C@@H]3CO[C@](Cn4cncn4)(C3)c3ccc(F)cc3F)cc2)c1=O
fda_enamine97,OC(=O)CCCN1CCC(CC1)O[C@@H](c1ccc(Cl)cc1)c1ccccn1.OS(=O)(=O)c1ccccc1
fda_enamine98,Cl.Cl.COC(=O)N[C@@H](C(C)C)C(=O)N1CCC[C@H]1c1ncc([nH]1)c1ccc(cc1)c1ccc(cc1)c1cnc([nH]1)[C@@H]1CCCN1C(=O)[C@@H](NC(=O)OC)C(C)C
fda_enamine99,[Ca+2].CCOC(=O)[C@@H](C)C[C@H](Cc1ccc(cc1)c1ccccc1)NC(=O)CCC(=O)[O-].CCOC(=O)[C@@H](C)C[C@H](Cc1ccc(cc1)c1ccccc1)NC(=O)CCC(=O)[O-]
fda_enamine100,Nc1ccc(cc1)C(=O)O
fda_enamine101,[Br-].CC(=O)OCC[N+](C)(C)C
fda_enamine102,COc1cc(CC=C)ccc1O
fda_enamine103,Cl.C(C1=NCCN1)c1ccccc1
fda_enamine104,[Li+].[Li+].[Li+].OC(CC(=O)[O-])(CC(=O)[O-])C(=O)[O-]
fda_enamine105,Nc1ccc(cc1)C(=O)NCC(=O)O
fda_enamine106,[Br-].CN(C)C(=O)Oc1ccc[n+](C)c1
fda_enamine107,CN(C)c1nc(nc(n1)N(C)C)N(C)C
fda_enamine108,[O-][N+](=O)c1ccc(/C=N/N2CCOC2=O)o1
fda_enamine109,Cl.CCN(CC)CCNC(=O)c1ccc(N)cc1
fda_enamine110,Brc1c(NC2=NCCN2)ccc2nccnc12
fda_enamine111,COc1ccccc1OCC(O)COC(=O)N
fda_enamine112,Cc1oncc1C(=O)Nc1ccc(cc1)C(F)(F)F
fda_enamine113,Cl.CNCCCN1c2ccccc2CCc2ccccc12
fda_enamine114,CCOC(=O)c1ncn2-c3c(C(=O)N(Cc12)C)cc(F)cc3
fda_enamine115,CN1/C(=C(\O)/Nc2ccccn2)/C(=O)c2ccccc2S1(=O)=O
fda_enamine116,CC1Cc2ccccc2N1NC(=O)c1ccc(Cl)c(c1)S(=O)(=O)N
fda_enamine117,O=C(Cc1ccc(cc1)c1ccccc1)Nc1ccccn1
fda_enamine118,COc1cc(Nc2ncc(F)c(Nc3ccc4OC(C)(C)C(=O)N(COP(=O)(O)O)c4n3)n2)cc(OC)c1OC
fda_enamine119,CC(=O)Oc1ccc(cc1)C1(C(=O)Nc2ccccc12)c1ccc(OC(=O)C)cc1
fda_enamine120,OC[C@H]1O[C@@](CO)(O[C@H]2O[C@H](CO)[C@@H](O)[C@H](O)[C@H]2O)[C@@H](O)[C@@H]1O
fda_enamine121,COc1ccc(Cl)cc1C(=O)NCCc1ccc(cc1)S(=O)(=O)NC(=O)NC1CCCCC1
fda_enamine122,CC(=O)c1c(C)c2cnc(Nc3ccc(cn3)N3CCNCC3)nc2n(C2CCCC2)c1=O
fda_enamine123,Nc1ccc(C(=O)O)c(O)c1
fda_enamine124,CCCCCCCCCCCCCCCC(=O)NCCO
fda_enamine125,CC1(C)NC(=O)N(C1=O)c1ccc([N+](=O)[O-])c(c1)C(F)(F)F
fda_enamine126,OC[C@H]1OC(=O)[C@H](O)[C@@H](O)[C@@H]1O
fda_enamine127,C[C@@H]1C[C@H]2[C@@H]3CCC4=CC(=O)C=C[C@]4(C)[C@@]3(F)[C@@H](O)C[C@]2(C)[C@@]1(O)C(=O)COC(=O)C
fda_enamine128,Cl.N[C@@H]1C[C@H]1c1ccccc1
fda_enamine129,Fc1ccc(cc1)C(=O)CCCN1CCC(CC1)n1c(=O)[nH]c2ccccc12
fda_enamine130,CC(C)Nc1cccnc1N1CCN(CC1)C(=O)c1cc2cc(NS(=O)(=O)C)ccc2[nH]1.CS(=O)(=O)O
fda_enamine131,CC(C)N1CCN(CC1)c1ccc(OC[C@H]2CO[C@@](Cn3cncn3)(O2)c2ccc(Cl)cc2Cl)cc1
fda_enamine132,CC(=CCC/C(=C/CO)/C)C
fda_enamine133,Cn1sc(Cl)cc1=O
fda_enamine134,NCCCCCC(=O)O
fda_enamine135,C1N2CN3CN1CN(C2)C3
fda_enamine136,CC(=O)N[C@@H](CS)C(=O)O
fda_enamine137,OC(=O)[C@@H](S)[C@@H](S)C(=O)O
fda_enamine138,Cc1ncc([N+](=O)[O-])n1CCO
fda_enamine139,OC(=O)CCCc1ccccc1
fda_enamine140,Cn1cnc2n(C)c(=O)n(C)c(=O)c12
fda_enamine141,CS(=O)(=O)OCCCCOS(=O)(=O)C
fda_enamine142,Oc1ccc(OCc2ccccc2)cc1
fda_enamine143,N[C@@H](Cc1c[nH]c2ccccc12)C(=O)O
fda_enamine144,OC(=O)Cc1ccc(cc1)c1ccccc1
fda_enamine145,CCCCCCCCCCCCCC(=O)O
fda_enamine146,CCOC(=O)C(C)(C)Oc1ccc(Cl)cc1
fda_enamine147,Cl.CC(COc1ccccc1)N(CCCl)Cc1ccccc1
fda_enamine148,[I-].C[n+]1ccc(cc1)C(=O)NCc1ccccc1
fda_enamine149,CC(C)NCC(O)COc1ccc(CC(=O)N)cc1
fda_enamine150,OC(=O)C1CCn2c(ccc12)C(=O)c1ccccc1
fda_enamine151,OC(=O)CN(CCN(CC(=O)O)CC(=O)O)CC(=O)O
fda_enamine152,NC(=Nc1nc(CSCCC(=N)NS(=O)(=O)N)cs1)N
fda_enamine153,COc1cc(cc(OC)c1OC)C(=O)NCc1ccc(OCCN(C)C)cc1
fda_enamine154,CC(C)CCC[C@@H](C)[C@H]1CC[C@H]2[C@@H]3CC=C4C[C@@H](O)CC[C@]4(C)[C@H]3CC[C@]12C
fda_enamine155,CC(C)Cc1ccc(cc1)C(C)C(=O)NCCO
fda_enamine156,CNC(=O)c1cc(Oc2ccc(NC(=O)Nc3ccc(Cl)c(c3)C(F)(F)F)cc2)ccn1
fda_enamine157,Nc1ccn([C@H]2CC[C@@H](CO)O2)c(=O)n1
fda_enamine158,Cl.CN[C@H]1CC[C@@H](c2ccc(Cl)c(Cl)c2)c2ccccc12
fda_enamine159,Cc1nnc(o1)C(=O)NC(C)(C)c1nc(C(=O)NCc2ccc(F)cc2)c(O)c(=O)n1C
fda_enamine160,Cl.Cl.OC(=O)COCCN1CCN(CC1)C(c1ccccc1)c1ccc(Cl)cc1
fda_enamine161,OC[C@@H]1CC[C@@H](O1)n1cnc2c(=O)[nH]cnc12
fda_enamine162,CC1(C)[C@@H]2CC[C@@]1(C)C(=O)C2
fda_enamine163,Cc1cc2nc3-c(nc(=O)[nH]c3=O)n(C[C@H](O)[C@H](O)[C@H](O)CO)c2cc1C
fda_enamine164,C[C@H]1COc2c(N3CCN(C)CC3)c(F)cc3c(=O)c(cn1c23)C(=O)O
fda_enamine165,CC(C)(Oc1ccc(CCNC(=O)c2ccc(Cl)cc2)cc1)C(=O)O
fda_enamine166,O=S1(=O)CCN(CN2CCS(=O)(=O)NC2)CN1
fda_enamine167,Cl.Cn1c(CCCC(=O)O)nc2cc(ccc12)N(CCCl)CCCl
fda_enamine168,C[C@]12CC(=O)[C@H]3[C@@H](CCC4=CC(=O)C=C[C@]34C)[C@@H]1CC[C@]2(O)C(=O)CO
fda_enamine169,NCCCC[C@H](N[C@@H](CCc1ccccc1)C(=O)O)C(=O)N1CCC[C@H]1C(=O)O
fda_enamine170,Nc1nc(cs1)/C(=N/OCC(=O)O)/C(=O)N[C@H]1[C@H]2SCC(=C(N2C1=O)C(=O)O)C=C
fda_enamine171,CC(=O)N1CCN(CC1)c1ccc(OC[C@@H]2CO[C@](Cn3ccnc3)(O2)c2ccc(Cl)cc2Cl)cc1
fda_enamine172,NC(=O)N
fda_enamine173,NCCS(=O)(=O)O
fda_enamine174,Fc1c[nH]c(=O)[nH]c1=O
fda_enamine175,CC(C)c1ccc(C)cc1O
fda_enamine176,NCC1(CC(=O)O)CCCCC1
fda_enamine177,Cl.CNC1(C)C2CCC(C2)C1(C)C
fda_enamine178,Oc1c(I)cc(Cl)c2cccnc12
fda_enamine179,N[C@@H](Cc1ccc(O)c(O)c1)C(=O)O
fda_enamine180,Nc1cc(c[nH]c1=O)c1ccncc1
fda_enamine181,CCCCCCc1ccc(O)cc1O
fda_enamine182,N[C@@H](CSSC[C@H](N)C(=O)O)C(=O)O
fda_enamine183,Cl.Cl.CC[C@@H](CO)NCCN[C@@H](CC)CO
fda_enamine184,CCN(CC)c1cc(C)nc2ncnn12
fda_enamine185,CC(C)(C)NCC(O)c1cc(O)cc(O)c1.CC(C)(C)NCC(O)c1cc(O)cc(O)c1.OS(=O)(=O)O
fda_enamine186,CCOc1ccccc1OCC1CNCCO1
fda_enamine187,CC(C)NCC(O)COc1ccc(NC(=O)C)cc1
fda_enamine188,Cl.CNCCC=C1c2ccccc2CCc2ccccc12
fda_enamine189,CN1CCC(=C2c3ccsc3CCc3ccccc23)CC1
fda_enamine190,Clc1ccc2Oc3ccccc3N=C(N3CCNCC3)c2c1
fda_enamine191,CCN(CCO)CCCC(C)Nc1ccnc2cc(Cl)ccc12.OS(=O)(=O)O
fda_enamine192,Cl.Cc1ccsc1C(=CCCN1CCC[C@H](C1)C(=O)O)c1sccc1C
fda_enamine193,Clc1ccc(cc1)C(=O)NCCN1CCOCC1
fda_enamine194,Cl.CN1CCN(CC1)C(c1ccccc1)c1ccccc1
fda_enamine195,C[C@@H](O[C@H]1OCCN(Cc2nc(=O)[nH][nH]2)[C@H]1c1ccc(F)cc1)c1cc(cc(c1)C(F)(F)F)C(F)(F)F
fda_enamine196,O=C(Nc1nc2cccc(c3ccc(CN4CCS(=O)(=O)CC4)cc3)n2n1)C1CC1
fda_enamine197,COc1ccccc1OCC(O)CN1CCN(CC(=O)Nc2c(C)cccc2C)CC1
fda_enamine198,CC(C)CN(C[C@@H](O)[C@H](Cc1ccccc1)NC(=O)O[C@H]1CCOC1)S(=O)(=O)c1ccc(N)cc1
fda_enamine199,CCC[C@@H]1C[C@H](N(C)C1)C(=O)N[C@H]([C@@H](C)O)[C@H]1O[C@H](SC)[C@H](O)[C@@H](O)[C@H]1O
fda_enamine200,Cl.CC(C)(C(=O)O)c1ccc(cc1)C(O)CCCN1CCC(CC1)C(O)(c1ccccc1)c1ccccc1
fda_enamine201,COC1=C(OC)C(=O)C(=C(C)C1=O)CCCCCCCCCCO
fda_enamine202,CCN(CC)C(=O)/C(=C/c1cc(O)c(O)c(c1)[N+](=O)[O-])/C#N
fda_enamine203,Oc1cccc2Cc3cccc(O)c3C(=O)c12
fda_enamine204,CCc1oc2ccccc2c1C(=O)c1cc(I)c(O)c(I)c1
fda_enamine205,CCOc1cc(CC(=O)N[C@@H](CC(C)C)c2ccccc2N2CCCCC2)ccc1C(=O)O
fda_enamine206,[Na+].[Na+].CC1(C)S[C@@H]2[C@H](NC(=O)[C@H](C(=O)[O-])c3ccsc3)C(=O)N2[C@H]1C(=O)[O-]
fda_enamine207,[Na+].CO[C@@H]1[C@@H](OC(=O)N)[C@@H](O)[C@H](Oc2ccc3c(O)c(NC(=O)c4ccc([O-])c(CC=C(C)C)c4)c(=O)oc3c2C)OC1(C)C
fda_enamine208,CN1C[C@H]2[C@H](C1)c1cc(Cl)ccc1Oc1ccccc21.OC(=O)/C=C\C(=O)O
fda_enamine209,C[C@H]1O[C@H](O[C@H]2[C@H](O)[C@@H](O)[C@@H](O[C@H]3[C@H](O)[C@@H](O)[C@H](O)O[C@@H]3CO)O[C@@H]2CO)[C@H](O)[C@@H](O)[C@@H]1N[C@H]1C=C(CO)[C@@H](O)[C@H](O)[C@H]1O
fda_enamine210,CCOc1cc(ccc1OC)[C@@H](CS(=O)(=O)C)N1C(=O)c2cccc(NC(=O)C)c2C1=O
fda_enamine211,COc1c(C)c2COC(=O)c2c(O)c1C/C=C(\C)/CCC(=O)OCCN1CCOCC1
fda_enamine212,NC(=O)c1cccnc1
fda_enamine213,Cl.NCC(=O)CCC(=O)O
fda_enamine214,CC(S)C(=O)NCC(=O)O
fda_enamine215,NC[C@H]1CC[C@@H](CC1)C(=O)O
fda_enamine216,NC(=O)c1nc(F)cnc1O
fda_enamine217,OC(=O)CCCC[C@@H]1CCSS1
fda_enamine218,OC(=O)CCCCCCCC(=O)O
fda_enamine219,N=C(Nc1ccccc1)Nc1ccccc1
fda_enamine220,C(Nc1ncnc2nc[nH]c12)c1ccco1
fda_enamine221,COc1c2occc2cc2ccc(=O)oc12
fda_enamine222,C1CN(CCO1)Sc1nc2ccccc2s1
fda_enamine223,Cc1cc(no1)C(=O)NNCc1ccccc1
fda_enamine224,CC[N+](C)(C)Cc1ccccc1Br.Cc1ccc(cc1)S(=O)(=O)[O-]
fda_enamine225,Nc1ccc(cc1)S(=O)(=O)Nc1ncccn1
fda_enamine226,CCCSc1ccc2nc(NC(=O)OC)[nH]c2c1
fda_enamine227,CC(C)(C)NCC(O)COc1cc(Cl)ccc1Cl
fda_enamine228,OC(=O)Cn1c2ccccc2c(=O)c2ccccc12
fda_enamine229,OC(=O)CCc1nc(c(o1)c1ccccc1)c1ccccc1
fda_enamine230,Cl.OC(CCCN1CCCCC1)(c1ccccc1)c1ccccc1
fda_enamine231,CCn1cc(C(=O)O)c(=O)c2cc(F)c(nc12)N1CCNCC1
fda_enamine232,COc1ccc(cc1OC)C(=O)NCc1ccc(OCCN(C)C)cc1
fda_enamine233,CN(c1ccc2c(C)n(C)nc2c1)c1ccnc(Nc2ccc(C)c(c2)S(=O)(=O)N)n1
fda_enamine234,Br.COc1ccc2CN(C)CC[C@@]34C=C[C@H](O)C[C@@H]3Oc1c24
fda_enamine235,CC(=O)OCC(=O)[C@@]1(O)CC[C@H]2[C@@H]3CCC4=CC(=O)CC[C@]4(C)[C@H]3[C@@H](O)C[C@]12C
fda_enamine236,Cc1ccc(cc1)c1cc(nn1c1ccc(cc1)S(=O)(=O)N)C(F)(F)F
fda_enamine237,COC(=O)c1ccc(O)cc1
fda_enamine238,CC[C@]1(O)C[C@@H]2CN(C1)CCc1c([nH]c3ccccc13)[C@@](C2)(C(=O)OC)c1cc2c(cc1OC)N(C)[C@@H]1[C@@]32CCN2CC=C[C@](CC)([C@@H]32)[C@@H](OC(=O)C)[C@]1(O)C(=O)OC.OS(=O)(=O)O
fda_enamine239,[I-].[I-].[I-].CC[N+](CC)(CC)CCOc1cccc(OCC[N+](CC)(CC)CC)c1OCC[N+](CC)(CC)CC
fda_enamine240,CC(C)(C)c1ccc(CN2CCN(CC2)C(c2ccccc2)c2ccc(Cl)cc2)cc1
fda_enamine241,OC(=O)CCNC(=O)c1ccc(/N=N/c2ccc(O)c(c2)C(=O)O)cc1
fda_enamine242,O=c1ccc2ccc(OCCCCN3CCN(CC3)c3cccc4sccc34)cc2[nH]1
fda_enamine243,CCCCCCOC(=O)/N=C(\N)/c1ccc(NCc2nc3cc(ccc3n2C)C(=O)N(CCC(=O)OCC)c2ccccn2)cc1
fda_enamine244,CC(C)(CO)[C@@H](O)C(=O)NCCC(=O)NCCSSCCNC(=O)CCNC(=O)[C@H](O)C(C)(C)CO
fda_enamine245,CC(C)C[C@@H](NC(=O)[C@@H](Cc1ccccc1)NC(=O)[C@H](N)Cc1ccccc1)C(=O)N[C@H](CCCCN)C(=O)N1CCC(N)(CC1)C(=O)O.OC(=O)C(F)(F)F.OC(=O)C(F)(F)F.OC(=O)C(F)(F)F
fda_enamine246,CCCCN(CCCC)CC(O)c1cc(Cl)cc2/C(=C\c3ccc(Cl)cc3)/c3cc(Cl)ccc3-c12
fda_enamine247,CCOc1cc2ncc(C#N)c(Nc3ccc(OCc4ccccn4)c(Cl)c3)c2cc1NC(=O)/C=C/CN(C)C
fda_enamine248,COS(=O)(=O)[O-].CN(C)c1ccc2[n+](C)c(/C=C/c3cc(C)n(c3C)c3ccccc3)ccc2c1
fda_enamine249,COC(F)(F)C(Cl)Cl
fda_enamine250,CCCCCON=O
fda_enamine251,Nc1ncnc2[nH]cnc12
fda_enamine252,COC(=O)c1cccnc1
fda_enamine253,ClCCNC(=O)N(CCCl)N=O
fda_enamine254,CC(=O)Nc1ccc(CC(=O)O)cc1
fda_enamine255,ClCCN(CCCl)P1(=O)NCCCO1
fda_enamine256,O.OC(Cn1ccnc1)(P(=O)(O)O)P(=O)(O)O
fda_enamine257,NS(=O)(=O)c1cc(Cl)c(Cl)c(c1)S(=O)(=O)N
fda_enamine258,CC(C)Nc1ccc(Nc2ccccc2)cc1
fda_enamine259,CC(=O)O.Cc1ccc(cc1)N(CC1=NCCN1)c1cccc(O)c1
fda_enamine260,Cl.Cl.Cc1cccc(CN2CCN(CC2)C(c2ccccc2)c2ccc(Cl)cc2)c1
fda_enamine261,CN(Cc1ccc(cc1)C(C)(C)C)Cc1cccc2ccccc12
fda_enamine262,O.O.Cl.Cl.CCN(CC)Cc1cc(Nc2ccnc3cc(Cl)ccc23)ccc1O
fda_enamine263,Fc1ccc(cc1)C(CCCN1CCC(CC1)n1c(=O)[nH]c2ccccc12)c1ccc(F)cc1
fda_enamine264,[Cl-].CC(C)(C)CC(C)(C)c1ccc(OCCOCC[N+](C)(C)Cc2ccccc2)cc1
fda_enamine265,Nc1ccn([C@@H]2O[C@H](CO)[C@@H](O)[C@H]2O)c(=O)n1
fda_enamine266,Cc1cn(cn1)c1cc(NC(=O)c2ccc(C)c(Nc3nccc(n3)c3cccnc3)c2)cc(c1)C(F)(F)F
fda_enamine267,CN1CCCCC1C(=O)Nc1c(C)cccc1C
fda_enamine268,Cl.CCCCc1oc2ccccc2c1C(=O)c1cc(I)c(OCCN(CC)CC)c(I)c1
fda_enamine269,CN1C(=C(O)c2ccccc2S1(=O)=O)C(=O)Nc1cc(C)on1
fda_enamine270,CC(C(=O)O)c1ccc(cc1)C(=O)c1cccs1
fda_enamine271,OC(=O)c1c(Cl)c(Cl)c(Cl)c(Cl)c1c1c2cc(I)c(O)c(I)c2oc2-c1cc(c(=O)c2I)I
fda_enamine272,COc1cc(cc(OC)c1O)[C@H]1[C@@H]2[C@H](COC2=O)[C@H](O[C@@H]2O[C@@H]3CO[C@@H](C)O[C@H]3[C@H](O)[C@H]2O)c2cc3OCOc3cc12
fda_enamine273,Cl.CCOC(=O)[C@H](CCc1ccccc1)N[C@H]1CCc2ccccc2N(CC(=O)O)C1=O
fda_enamine274,O.C[C@@H]1CCN([C@H](C1)C(=O)O)C(=O)[C@H](CCCNC(=N)N)NS(=O)(=O)c1cccc2CC(C)CNc12
fda_enamine275,Cc1c(c2ccc(O)cc2)n(Cc2ccc(OCCN3CCCCCC3)cc2)c2ccc(O)cc12
fda_enamine276,CCCc1nc(C)c2c(=O)nc([nH]n12)c1cc(ccc1OCC)S(=O)(=O)N1CCN(CC)CC1
fda_enamine277,CC(C)OC(=O)[C@H](C)N[P@](=O)(CO[C@H](C)Cn1cnc2c(N)ncnc12)Oc1ccccc1.OC(=O)/C=C/C(=O)O
fda_enamine278,N.N.Cl[Pt]Cl
fda_enamine279,C1CNCCN1
fda_enamine280,Cc1cccc(O)c1
fda_enamine281,Cl.NC12CC3CC(CC(C3)C1)C2
fda_enamine282,CC(O)(P(=O)(O)O)P(=O)(O)O
fda_enamine283,CC(C)C[C@H](NC(=O)C)C(=O)O
fda_enamine284,Oc1ccnc2cc(Cl)ccc12
fda_enamine285,CC(C)(C)C(=O)NCCCC(=O)O
fda_enamine286,CC1=CC(=O)c2ccccc2C1=O
fda_enamine287,CC(=O)/N=c\1/sc(nn1C)S(=O)(=O)N
fda_enamine288,CC(C)(CO)[C@@H](O)C(=O)NCCCO
fda_enamine289,Cn1c(=O)n(C)c2ncn(CCO)c2c1=O
fda_enamine290,CN1CCN(CC1)C1=Nc2cc(Cl)ccc2Nc2ccccc12
fda_enamine291,COC(=O)Nc1nc2cc(ccc2[nH]1)C(=O)c1ccc(F)cc1
fda_enamine292,Fc1ccc(cc1)C(=O)C1CCN(CCn2c(=O)[nH]c3ccccc3c2=O)CC1
fda_enamine293,CCN(CC)CCNC(=O)c1cc(ccc1OC)S(=O)(=O)C
fda_enamine294,CN1CCN(Cc2ccc(cc2)C(=O)Nc2ccc(C)c(Nc3nccc(n3)c3cccnc3)c2)CC1
fda_enamine295,Cl.CN1CCCC(CC1)n1nc(Cc2ccc(Cl)cc2)c2ccccc2c1=O
fda_enamine296,CCN(CC)CCOC(=O)C1(CCCC1)c1ccccc1
fda_enamine297,C[C@H]1O[C@H](C[C@H](O)[C@@H]1O)O[C@@H]1[C@@H](C)O[C@H](C[C@@H]1O)O[C@@H]1[C@@H](C)O[C@H](C[C@@H]1O)O[C@H]1CC[C@@]2(C)[C@H](CC[C@@H]3[C@@H]2C[C@@H](O)[C@]2(C)[C@H](CC[C@]32O)C2=CC(=O)OC2)C1
fda_enamine298,CC(C)(C)NC(=O)[C@H]1CC[C@H]2[C@@H]3CC[C@H]4NC(=O)C=C[C@]4(C)[C@H]3CC[C@]12C
fda_enamine299,Cl.CNCCCC12CCC(c3ccccc13)c1c2cccc1
fda_enamine300,OC(=O)c1ccccc1O
fda_enamine301,CN(C)CCOC(C)(c1ccccc1)c1ccc(Br)cc1
fda_enamine302,O=c1cccc2[C@H]3CNC[C@H](C3)Cn12
fda_enamine303,C[C@H]1C[C@H]2[C@@H]3CC[C@](O)(C(=O)C)[C@@]3(C)CC[C@@H]2[C@@]2(C)CCC(=O)C=C12
fda_enamine304,[Na+].Cn1nnnc1SCC1=C(N2[C@H](SC1)[C@H](NC(=O)[C@H](OC=O)c1ccccc1)C2=O)C(=O)[O-]
fda_enamine305,CCS(=O)(=O)N1CC(CC#N)(C1)n1cc(cn1)c1ncnc2[nH]ccc12
fda_enamine306,CCCCCCCCCCC[C@@H](C[C@@H]1OC(=O)[C@H]1CCCCCC)OC(=O)[C@H](CC(C)C)NC=O
fda_enamine307,Cc1[nH]n(c2ccc(C)c(C)c2)c(=O)c1N/N=C\1/C=CC=C(C1=O)c1cccc(c1)C(=O)O
fda_enamine308,O=C1CCO1
fda_enamine309,NCCCC(=O)O
fda_enamine310,C[N+](C)(C)CC(=O)[O-]
fda_enamine311,OC(=O)c1ccccc1
fda_enamine312,N[C@@H](CC(=O)O)C(=O)O
fda_enamine313,Oc1cc(=O)[nH]cc1Cl
fda_enamine314,Cc1ncc(CO)c(CO)c1O
fda_enamine315,Cl.CNCC(O)c1ccc(O)cc1
fda_enamine316,NC(=NS(=O)(=O)c1ccc(N)cc1)N
fda_enamine317,CNC(=O)Oc1cccc2ccccc12
fda_enamine318,Cl.CC(C)/N=C(\N)/N=C(\N)/Nc1ccc(Cl)cc1
fda_enamine319,OC[C@@H](O)CN1CCN(CC1)c1ccccc1
fda_enamine320,CC(C(=O)O)c1ccc2c(c1)[nH]c1ccc(Cl)cc21
fda_enamine321,C/C(=C(\C#N)/C(=O)Nc1ccc(cc1)C(F)(F)F)/O
fda_enamine322,Nc1cccc2C(=O)N(C3CCC(=O)NC3=O)C(=O)c12
fda_enamine323,NS(=O)(=O)c1cc2c(NCNS2(=O)=O)cc1C(F)(F)F
fda_enamine324,CC(=O)NC[C@H]1CN(C(=O)O1)c1ccc(N2CCOCC2)c(F)c1
fda_enamine325,Cn1c(=O)n(C)c2ncn(CCOC(=O)C(C)(C)Oc3ccc(Cl)cc3)c2c1=O
fda_enamine326,COC(=O)C1=C(C)NC(=C(C1c1ccccc1[N+](=O)[O-])C(=O)OCC(C)C)C
fda_enamine327,S(Sc1nc2ccccc2s1)c1nc2ccccc2s1
fda_enamine328,[Br-].CC(=O)O[C@H]1[C@H](C[C@H]2[C@@H]3CC[C@H]4C[C@H](OC(=O)C)[C@H](C[C@]4(C)[C@H]3CC[C@]12C)N1CCCCC1)[N+]1(C)CCCCC1
fda_enamine329,CCn1nc(C(=O)O)c(=O)c2cc3OCOc3cc12
fda_enamine330,CCOC(=O)CCC(=O)O[C@@H]1[C@H](C[C@@H](C)O[C@H]1OC1[C@@H](C)[C@H](O[C@H]2C[C@@](C)(OC)[C@@H](O)[C@H](C)O2)[C@@H](C)C(=O)O[C@H](CC)[C@@](C)(O)[C@H](O)[C@@H](C)C(=O)[C@H](C)C[C@@]1(C)O)N(C)C
fda_enamine331,CCCCCOC(=O)Nc1nc(=O)n(cc1F)[C@@H]1O[C@H](C)[C@@H](O)[C@H]1O
fda_enamine332,COc1cc2c(Nc3ccc(Br)cc3F)ncnc2cc1OCC1CCN(C)CC1
fda_enamine333,Oc1ccccc1C(=O)Oc1ccccc1
fda_enamine334,CN1[C@H]2CC[C@@H]1C[C@@H](C2)OC(=O)c1c[nH]c2ccccc12
fda_enamine335,CCCN1CCCC[C@H]1C(=O)Nc1c(C)cccc1C
fda_enamine336,COCCCN1CCC(CC1)NC(=O)c1cc(Cl)c(N)c2CCOc12
fda_enamine337,[Cl-].OC(C(=O)O[C@@H]1C[C@@H]2CC[C@H](C1)[N+]12CCCC1)(c1ccccc1)c1ccccc1
fda_enamine338,COc1ccc2c(O[C@@H]3C[C@@H]4[C@@H](C3)C(=O)N(C)CCCC/C=C/[C@@H]3C[C@]3(NC4=O)C(=O)NS(=O)(=O)C3CC3)cc(nc2c1C)c1nc(cs1)C(C)C
fda_enamine339,N[C@H](C(=O)N1[C@H]2C[C@H]2C[C@H]1C#N)C12CC3CC(CC(O)(C3)C1)C2
fda_enamine340,CC/C(=C(/CC)\c1ccc(O)cc1)/c1ccc(O)cc1
fda_enamine341,CC[C@@H]1NC(=O)[C@H]([C@H](O)[C@H](C)C/C=C/C)N(C)C(=O)[C@H](C(C)C)N(C)C(=O)[C@H](CC(C)C)N(C)C(=O)[C@H](CC(C)C)N(C)C(=O)[C@@H](C)NC(=O)[C@H](C)NC(=O)[C@H](CC(C)C)N(C)C(=O)[C@@H](NC(=O)[C@H](CC(C)C)N(C)C(=O)CN(C)C1=O)C(C)C
fda_enamine342,OC(=O)CNC(=O)C1C(=O)N(C2CCCCC2)C(=O)N(C2CCCCC2)C1=O
fda_enamine343,[Na+].[O-]S(=O)(=O)CCS
fda_enamine344,O=c1cc[nH]c(=O)[nH]1
fda_enamine345,NCC(O)CC(=O)O
fda_enamine346,Cc1cc(O)nc(S)n1
fda_enamine347,CSCC[C@@H](N)C(=O)O
fda_enamine348,N[C@@H](CCC(=O)N)C(=O)O
fda_enamine349,CC(=O)Nc1ccc(O)cc1
fda_enamine350,Cl.C1CN2C[C@@H](N=C2S1)c1ccccc1
fda_enamine351,O[Bi]1Oc2cc(cc(O)c2O1)C(=O)O
fda_enamine352,CC(=O)OCC(COC(=O)C)OC(=O)C
fda_enamine353,CCCNC(C)C(=O)Nc1ccccc1C
fda_enamine354,Cn1c(=O)n(C)c2ncn(CC(=O)O)c2c1=O
fda_enamine355,Cc1ccc(C)c(OCCCC(C)(C)C(=O)O)c1
fda_enamine356,Cc1ccc(Cl)c(OCC(O)CNC(C)(C)C)c1
fda_enamine357,COc1cc(cc(OC)c1OC)C(=O)N1CCOCC1
fda_enamine358,CN1C(C(=O)Nc2ncc(C)s2)C(=O)c2ccccc2S1(=O)=O
fda_enamine359,Cc1c(CS(=O)c2nc3ccccc3[nH]2)nccc1OCC(F)(F)F
fda_enamine360,Cl.CN(C)CCCN1c2ccccc2Sc2ccc(cc12)C(F)(F)F
fda_enamine361,Nc1nc2n(CCC(CO)CO)cnc2c(=O)[nH]1
fda_enamine362,CC(C)N(CCNC(=O)CN1CCCC1=O)C(C)C
fda_enamine363,O[C@@H](CC[C@@H]1[C@H](N(C1=O)c1ccc(F)cc1)c1ccc(O)cc1)c1ccc(F)cc1
fda_enamine364,Cl.Clc1cccc(c1)N1CCN(CCCn2nc3ccccn3c2=O)CC1
fda_enamine365,C[C@H]1COc2c(c(F)cc3c(=O)c(cn1c23)C(=O)O)C1(N)CC1.CS(=O)(=O)O
fda_enamine366,Oc1cc(O)c2c(=O)c(O)c(oc2c1)c1ccc(O)c(O)c1
fda_enamine367,C[C@@H]1CC[C@H]2[C@@H](C)[C@H](OC(=O)CCC(=O)O)O[C@@H]3O[C@@]4(C)CC[C@@H]1[C@@]23OO4
fda_enamine368,CN(C)CC/C=C\1/c2ccccc2Sc2ccc(Cl)cc12
fda_enamine369,CCOC(=O)[N-]c1c[n+](no1)N1CCOCC1
fda_enamine370,CCC1OC(=O)[C@H](C)C(O[C@H]2C[C@@](C)(OC)[C@@H](O)[C@H](C)O2)[C@H](C)[C@@H](O[C@@H]2O[C@H](C)C[C@@H]([C@H]2O)N(C)C)[C@](C)(O)C[C@@H](C)/C(=N/OCOCCOC)/[C@H](C)[C@@H](O)[C@]1(C)O
fda_enamine371,Cc1cn[nH]c1
fda_enamine372,N[C@@H]1CONC1=O
fda_enamine373,COc1ccc(O)cc1
fda_enamine374,Cc1cc(O)ccc1Cl
fda_enamine375,NC(=O)NC1NC(=O)NC1=O
fda_enamine376,Oc1cccc2cccnc12
fda_enamine377,COc1cc(/C=C/C)ccc1O
fda_enamine378,I.NC(=N)N1CCc2ccccc2C1
fda_enamine379,OCC(O)COc1ccc(Cl)cc1
fda_enamine380,Cc1cc(=O)n(c2ccccc2)n1C
fda_enamine381,Cc1ccc2c(Cl)cc(Cl)c(O)c2n1
fda_enamine382,NC(=O)N/N=C/c1ccc(o1)[N+](=O)[O-]
fda_enamine383,Cc1ncc([N+](=O)[O-])n1CC(O)CCl
fda_enamine384,CCN(CC)C(=S)SSC(=S)N(CC)CC
fda_enamine385,NC(=O)N1c2ccccc2C=Cc2ccccc12
fda_enamine386,Nc1nc(N)c2nc(c(N)nc2n1)c1ccccc1
fda_enamine387,Cl.CN(C)CCCN1c2ccccc2Sc2ccc(Cl)cc12
fda_enamine388,CCN(CC)CC(=O)Nc1c(C)cccc1C
fda_enamine389,CCC(CC)O[C@@H]1C=C(C[C@H](N)[C@H]1NC(=O)C)C(=O)O.OC(C(O)C(=O)O)C(=O)O
fda_enamine390,CC[C@]12CC[C@H]3[C@@H](CCC4=CC(=O)CC[C@H]34)[C@@H]1CC[C@@]2(O)C#C
fda_enamine391,COc1cc2nc(nc(N)c2cc1OC)N1CCN(CC1)C(=O)c1ccco1
fda_enamine392,OC(=O)CCCC[C@@H]1SC[C@@H]2NC(=O)N[C@H]12
fda_enamine393,COc1cc(ccc1OCCCN1CCC(CC1)c1noc2cc(F)ccc12)C(=O)C
fda_enamine394,CCCCC1C(=O)N(N(C1=O)c1ccc(O)cc1)c1ccccc1
fda_enamine395,CC(C)(C)NCC(O)c1ccc(O)c(CO)c1
fda_enamine396,[Sr+2].[Sr+2].[O-]C(=O)CN(CC(=O)[O-])c1sc(C(=O)[O-])c(CC(=O)[O-])c1C#N
fda_enamine397,COc1c(N2C[C@@H]3CCCN[C@@H]3C2)c(F)cc2c(=O)c(cn(C3CC3)c12)C(=O)O
fda_enamine398,Cl.CCN(CC)CC#CCOC(=O)C(O)(C1CCCCC1)c1ccccc1
fda_enamine399,CC1=C(N2[C@H](SC1)[C@H](NC(=O)[C@H](N)c1ccc(O)cc1)C2=O)C(=O)O
fda_enamine400,CO[C@@H]1C[C@H](C[C@@H](C)[C@@H]2CC(=O)[C@H](C)/C=C(\C)/[C@@H](O)[C@@H](OC)C(=O)[C@H](C)C[C@H](C)/C=C/C=C/C=C(/C)\[C@H](C[C@@H]3CC[C@@H](C)[C@@](O)(O3)C(=O)C(=O)N3CCCC[C@H]3C(=O)O2)OC)CC[C@H]1OCCO
fda_enamine401,O=C(NC1CCN(CCc2c[nH]c3ccccc23)CC1)c1ccccc1
fda_enamine402,Cc1cn([C@@H]2C[C@@H](O)[C@H](CO)O2)c(=O)[nH]c1=O
fda_enamine403,Cl.O=C1[C@H]2[C@@H]3CC[C@@H](C3)[C@H]2C(=O)N1C[C@@H]1CCCC[C@H]1CN1CCN(CC1)c1nsc2ccccc12
fda_enamine404,CCC(=O)NS(=O)(=O)c1ccc(cc1)c1c(C)onc1c1ccccc1
fda_enamine405,ONC(=O)/C=C/c1cccc(c1)S(=O)(=O)Nc1ccccc1
fda_enamine406,C(/C=C/c1ccccc1)N1CCN(CC1)C(c1ccccc1)c1ccccc1
fda_enamine407,OCc1cccnc1
fda_enamine408,CC(C)(O)CC(=O)O
fda_enamine409,NC(=O)CN1CCCC1=O
fda_enamine410,N[C@@H](CCC(=O)O)C(=O)O
fda_enamine411,Nc1ccc(cc1)S(=O)(=O)N
fda_enamine412,[K+].[O-]C(=O)c1nc(=O)[nH]c(=O)[nH]1
fda_enamine413,OC[C@@H](O)[C@@H](O)[C@H](O)C(=O)CO
fda_enamine414,N[C@@H](Cc1ccc(O)cc1)C(=O)O
fda_enamine415,OC(=O)CCNC(=O)c1ccccc1
fda_enamine416,Cl.Clc1cccc(Cl)c1NC1=NCCN1
fda_enamine417,I.NC(=N)NCC1COC2(CCCCC2)O1
fda_enamine418,OC(=O)c1ccccc1NCCc1ccccc1
fda_enamine419,Cc1cc(C)nc(NS(=O)(=O)c2ccc(N)cc2)n1
fda_enamine420,COc1ccc(CN2CCNCC2)c(OC)c1OC
fda_enamine421,O=C1NC(=O)C(N1)(c1ccccc1)c1ccccc1
fda_enamine422,CN(C)CCOC(c1ccc(Cl)cc1)c1ccccn1.OC(=O)/C=C\C(=O)O
fda_enamine423,COc1cc(cc(OC)c1OC)C(=O)NC1CCCNC1
fda_enamine424,COc1cc(Cc2cnc(N)nc2N)cc(OC)c1OC
fda_enamine425,Cl.CNCC[C@H](Oc1cccc2ccccc12)c1cccs1
fda_enamine426,CCCCCNC(=N)N/N=C/c1c[nH]c2ccc(OC)cc12
fda_enamine427,CN1CCN(CC1)C1=Nc2ccccc2Nc2sc(C)cc12
fda_enamine428,COc1ccc2[nH]c(nc2c1)S(=O)Cc1ncc(C)c(OC)c1C
fda_enamine429,CC(C)NC(=O)NS(=O)(=O)c1cnccc1Nc1cccc(C)c1
fda_enamine430,[O-][N+](=O)c1cn2C[C@@H](COc2n1)OCc1ccc(OC(F)(F)F)cc1
fda_enamine431,CN(C(=O)C(C)(C)c1cc(cc(c1)C(F)(F)F)C(F)(F)F)c1cnc(cc1c1ccccc1C)N1CCN(C)CC1
fda_enamine432,CN1CCN(CCCN2c3ccccc3Sc3ccc(Cl)cc23)CC1.OC(=O)/C=C\C(=O)O.OC(=O)/C=C\C(=O)O
fda_enamine433,NC[C@@H]1O[C@H](O[C@H]2[C@@H](O)[C@H](O[C@@H]3[C@@H](O)[C@H](N)C[C@H](N)[C@H]3O[C@H]3O[C@H](CO)[C@@H](O)[C@H](O)[C@H]3N)O[C@@H]2CO)[C@H](N)[C@@H](O)[C@@H]1O.OS(=O)(=O)O
fda_enamine434,CN(C(=S)Oc1ccc2ccccc2c1)c1cccc(C)c1
fda_enamine435,COc1cc(cc(OC)c1OC)[C@H]1[C@@H]2[C@H](COC2=O)[C@@H](O)c2cc3OCOc3cc12
fda_enamine436,O=C1N(C[C@H]2CCCc3cccc1c23)[C@@H]1CN2CCC1CC2
fda_enamine437,Oc1ccc(cc1)C(=O)OCc1ccccc1
fda_enamine438,COC(=O)/C=C/C(=O)O
fda_enamine439,CC(C)(C(=O)c1cccnc1)c1cccnc1
fda_enamine440,O.O.[Cl-].[Cl-].C[N+](C)(C)CCOC(=O)CCC(=O)OCC[N+](C)(C)C
fda_enamine441,Cc1cncc(CN2CCC(=C3c4ccc(Cl)cc4CCc4cccnc34)CC2)c1
fda_enamine442,COCCCC/C(=N\OCCN)/c1ccc(cc1)C(F)(F)F.OC(=O)/C=C\C(=O)O
fda_enamine443,CC(C)CCC[C@@H](C)CCC[C@@H](C)CCC/C(=C/CC1=C(C)C(=O)c2ccccc2C1=O)/C
fda_enamine444,CO/N=C(\C(=O)N[C@H]1[C@H]2SCC(=C(N2C1=O)C(=O)O)CSc1nnnn1C)/c1csc(N)n1
fda_enamine445,CC(C)(O)C(Cl)(Cl)Cl
fda_enamine446,OC(C(=O)O)c1ccccc1
fda_enamine447,CC1(C)C2CCC1(C)C(=O)C2
fda_enamine448,CC1=NN(C(=O)C1)c1ccccc1
fda_enamine449,OC(=O)c1cc(=O)c2ccccc2o1
fda_enamine450,[O-][N+](=O)c1ccc(cc1)c1ccccc1
fda_enamine451,Cl.Clc1ccc2N=C3NC(=O)CN3Cc2c1Cl
fda_enamine452,Cl.CCCN(CCC)CCc1cccc2NC(=O)Cc12
fda_enamine453,OC(=O)CCCc1ccc(cc1)N(CCCl)CCCl
fda_enamine454,[O-][N+](=O)c1ccc(cc1)c1ccc(/C=N/N2CC(=O)NC2=O)o1
fda_enamine455,Cl.OC(CCN1CCCCC1)(C1CCCCC1)c1ccccc1
fda_enamine456,CCCCC1C(=O)N(N(C1=O)c1ccccc1)c1ccccc1
fda_enamine457,Cl.Cc1c(oc2c(cccc2c1=O)C(=O)OCCN1CCCCC1)c1ccccc1
fda_enamine458,CS(=O)(=O)c1ccc(cc1)C1=C(C(=O)OC1)c1ccccc1
fda_enamine459,C[C@@H]1C[C@H]2[C@@H]3CCC4=CC(=O)C=C[C@]4(C)[C@@]3(F)[C@@H](O)C[C@]2(C)[C@@]1(O)C(=O)CO
fda_enamine460,Cl.O[C@@H]([C@@H]1CCCCN1)c1cc(nc2c(cccc12)C(F)(F)F)C(F)(F)F
fda_enamine461,Cl.Cl.CN1CCN(CCCN2c3ccccc3Sc3ccc(cc23)C(F)(F)F)CC1
fda_enamine462,CCOC(=O)C1=C(C)NC(=C(C1c1cccc(c1)[N+](=O)[O-])C(=O)OC)C
fda_enamine463,CCCC(=O)N1CCCN(CC1)c1nc(N)c2cc(OC)c(OC)cc2n1
fda_enamine464,COC1=CC(=O)C[C@@H](C)[C@@]21Oc1c(C2=O)c(OC)cc(OC)c1Cl
fda_enamine465,COc1ccc2nccc([C@H](O)[C@H]3C[C@@H]4CCN3C[C@@H]4C=C)c2c1
fda_enamine466,O.O.O.C[C@@H](O)[C@@H]1[C@H]2[C@@H](C)C(=C(N2C1=O)C(=O)O)S[C@@H]1CN[C@@H](C1)C(=O)N(C)C
fda_enamine467,CC(C)Cn1cnc2c(N)nc3ccccc3c12
fda_enamine468,CS(=O)(=O)c1cc(ccc1C(=O)c1cnoc1C1CC1)C(F)(F)F
fda_enamine469,CC(=O)OCC(=O)[C@@]1(O)CC[C@H]2[C@@H]3CCC4=CC(=O)CC[C@]4(C)[C@H]3C(=O)C[C@]12C
fda_enamine470,OC1=C([C@H]2CC[C@@H](CC2)c2ccc(Cl)cc2)C(=O)c2ccccc2C1=O
fda_enamine471,Nc1nc(F)nc2n(cnc12)[C@@H]1O[C@H](COP(=O)(O)O)[C@@H](O)[C@@H]1O
fda_enamine472,Nc1nc(NC2CC2)c2ncn([C@@H]3C[C@H](CO)C=C3)c2n1.Nc1nc(NC2CC2)c2ncn([C@@H]3C[C@H](CO)C=C3)c2n1.OS(=O)(=O)O
fda_enamine473,Cc1ccc(NC(=O)C2(CC2)c2ccc3OC(F)(F)Oc3c2)nc1c1cccc(c1)C(=O)O
fda_enamine474,CC(O)c1cc(n[nH]1)C(=O)N[C@@H](C)Cn1ccc(n1)c1ccc(C#N)c(Cl)c1
fda_enamine475,NC(=O)NO
fda_enamine476,CC(=O)C(=O)O
fda_enamine477,Cn1ccnc1S
fda_enamine478,Oc1ccc(O)cc1
fda_enamine479,NC(=O)c1cnccn1
fda_enamine480,CCCc1cc(=O)[nH]c(S)n1
fda_enamine481,Nc1nc(=S)c2[nH]cnc2[nH]1
fda_enamine482,Cl.NCc1ccc(cc1)S(=O)(=O)N
fda_enamine483,[Ca+2].OC[C@@H](O)[C@@H](O)[C@H](O)[C@@H](O)C(=O)[O-].OC[C@@H](O)[C@@H](O)[C@H](O)[C@@H](O)C(=O)[O-]
fda_enamine484,Cc1ncc(COP(=O)(O)O)c(C=O)c1O
fda_enamine485,CN1CCc2c(C1)c1ccccc1n2Cc1ccccc1
fda_enamine486,Cc1cccc(Nc2ccccc2C(=O)O)c1C
fda_enamine487,CS(=O)(=O)c1ccc(cc1)c1cn2ccccc2n1
fda_enamine488,CC(C)C(=O)Nc1ccc([N+](=O)[O-])c(c1)C(F)(F)F
fda_enamine489,O=S(=O)(N1CCCNCC1)c1cccc2cnccc12
fda_enamine490,CCc1cccc2c3CCOC(CC)(CC(=O)O)c3[nH]c12
fda_enamine491,CCC(c1ccccc1)c1c(O)c2ccccc2oc1=O
fda_enamine492,OC(=O)c1cn(C2CC2)c2cc(N3CCNCC3)c(F)cc2c1=O
fda_enamine493,OCCN(CCO)c1nc(N2CCCCC2)c2nc(nc(N3CCCCC3)c2n1)N(CCO)CCO
fda_enamine494,NC(=O)c1cccc2cn(nc12)c1ccc(cc1)[C@@H]1CCCNC1
fda_enamine495,COc1ccc(Cc2cnc(N)nc2N)cc1OC
fda_enamine496,CC(C)Cc1ccc(cc1)C(C)C(=O)OCc1ccccn1
fda_enamine497,CC1COc2c(N3CCN(C)CC3)c(F)cc3c(=O)c(cn1c23)C(=O)O
fda_enamine498,CCN1CCCC1CNC(=O)c1cc(ccc1OC)S(=O)(=O)N
fda_enamine499,COc1cc(ccc1Cc1cn(C)c2ccc(NC(=O)OC3CCCC3)cc12)C(=O)NS(=O)(=O)c1ccccc1C
fda_enamine500,OC[C@@H](NC(=O)C(Cl)Cl)[C@H](O)c1ccc(cc1)[N+](=O)[O-]
fda_enamine501,C[C@H]1O[C@@H](O[C@@H]2C[C@@H]3O[C@@](O)(C[C@H](O)[C@H]3C(=O)O)C[C@@H](O)C[C@@H](O)[C@H](O)CC[C@@H](O)C[C@@H](O)CC(=O)O[C@@H](C)[C@H](C)[C@H](O)[C@@H](C)/C=C/C=C/C=C/C=C/C=C/C=C/C=C/2)[C@@H](O)[C@@H](N)[C@@H]1O
fda_enamine502,CN(C(=O)C)c1c(I)c(NC(=O)C)c(I)c(C(=O)O)c1I
fda_enamine503,CN1C(=C(O)c2sc(Cl)cc2S1(=O)=O)C(=O)Nc1ccccn1
fda_enamine504,COc1c(N2CCNC(C)C2)c(F)cc2c(=O)c(cn(C3CC3)c12)C(=O)O
fda_enamine505,C/C(=C\CO)/C=C/C=C(\C)/C=C/C1=C(C)CCCC1(C)C
fda_enamine506,[Na+].CCN(CC)C(=S)[S-]
fda_enamine507,NNC(=O)c1ccncc1
fda_enamine508,Cl.NNc1nncc2ccccc12
fda_enamine509,CS(=O)(=O)O.C#CCN[C@@H]1CCc2ccccc12
fda_enamine510,Nc1ccc(cc1)S(=O)(=O)Nc1nccs1
fda_enamine511,Cl.C(N(Cc1ccccc1)c1ccccc1)C1=NCCN1
fda_enamine512,COS(=O)(=O)[O-].CN(C)C(=O)Oc1cccc(c1)[N+](C)(C)C
fda_enamine513,Cl.CC1(C)N=C(N)N=C(N)N1c1ccc(Cl)cc1
fda_enamine514,O=C1C(C(=O)c2ccccc12)c1ccccc1
fda_enamine515,CCCCCCCCCCCCCCCC(=O)O
fda_enamine516,Cn1c(=O)n(C)c2ncn(CC(O)CO)c2c1=O
fda_enamine517,Cl.Cc1nc2ccccc2n1Cc1ccc(Cl)cc1
fda_enamine518,COc1ccc(cc1)C1C(=O)c2ccccc2C1=O
fda_enamine519,CCc1c(C)[nH]c2CCC(CN3CCOCC3)C(=O)c12
fda_enamine520,[Br-].CCCCCCCCCCCCCCCC[N+](C)(C)C
fda_enamine521,CC(=O)CC(c1ccccc1)c1c(O)c2ccccc2oc1=O
fda_enamine522,CC(C)OC(=O)C(C)(C)Oc1ccc(cc1)C(=O)c1ccc(Cl)cc1
fda_enamine523,Oc1c(Cc2c(O)c3ccccc3oc2=O)c(=O)oc2ccccc12
fda_enamine524,CCC(C(=O)O)c1ccc(cc1)N1Cc2ccccc2C1=O
fda_enamine525,CCCCN1CCCCC1C(=O)Nc1c(C)cccc1C
fda_enamine526,Cl.Oc1ccc2C[C@H]3N(CC4CC4)CC[C@@]45[C@@H](Oc1c24)C(=O)CC[C@@]35O
fda_enamine527,CCC(C)n1ncn(c2ccc(cc2)N2CCN(CC2)c2ccc(OC[C@H]3CO[C@@](Cn4cncn4)(O3)c3ccc(Cl)cc3Cl)cc2)c1=O
fda_enamine528,Cl.FC(F)(F)COc1ccc(OCC(F)(F)F)c(c1)C(=O)NCC1CCCCN1
fda_enamine529,CC(=O)CCCCn1c(=O)n(C)c2ncn(C)c2c1=O
fda_enamine530,CC(C)C[C@H](NC(=O)[C@H](Cc1ccccc1)NC(=O)c1cnccn1)B(O)O
fda_enamine531,CC(C(=O)O)c1ccc(c(F)c1)c1ccccc1
fda_enamine532,CC(C)CCC[C@@H](C)CCC[C@@H](C)CCC[C@]1(C)CCc2c(C)c(OC(=O)CCC(=O)O)c(C)c(C)c2O1
fda_enamine533,OC1(CCN(CCCC(=O)c2ccc(F)cc2)CC1)c1ccc(Cl)cc1
fda_enamine534,OCCNC(=O)/C=C/c1ccccc1
fda_enamine535,Cc1c(C)c2OC(C)(CCc2c(C)c1O)C(=O)O
fda_enamine536,[Cl-].CCCCCCCCCCCCCCCCCC[N+](C)(C)CCCCCCCCCCCCCCCCCC
fda_enamine537,COc1ccccc1OCCNCC(O)COc1cccc2[nH]c3ccccc3c12
fda_enamine538,CC(C)OC(=O)CCC/C=C\C[C@H]1[C@@H](O)C[C@@H](O)[C@@H]1/C=C/C(F)(F)COc1ccccc1
fda_enamine539,CC[C@@H](C)[C@H]1O[C@]2(CC[C@@H]1C)C[C@@H]1C[C@@H](C/C=C(\C)/[C@@H](O[C@H]3C[C@H](OC)[C@@H](O[C@H]4C[C@H](OC)[C@@H](O)[C@H](C)O4)[C@H](C)O3)[C@@H](C)/C=C/C=C/3\CO[C@@H]4[C@H](O)C(=C[C@@H](C(=O)O1)[C@]34O)C)O2.CO[C@H]1C[C@H](O[C@H]2[C@H](C)O[C@H](C[C@@H]2OC)O[C@H]2[C@@H](C)/C=C/C=C/3\CO[C@@H]4[C@H](O)C(=C[C@@H](C(=O)O[C@H]5C[C@@H](C/C=C/2\C)O[C@@]2(CC[C@H](C)[C@H](O2)C(C)C)C5)[C@]34O)C)O[C@@H](C)[C@@H]1O
fda_enamine540,CC(O)CO
fda_enamine541,Nc1ccc(N)cc1
fda_enamine542,Nc1[nH]c(=O)ncc1F
fda_enamine543,CCCC(CCC)C(=O)O
fda_enamine544,CCC(C)C(CC)C(=O)N
fda_enamine545,Oc1c(I)cc(I)c2cccnc12
fda_enamine546,Oc1c(Cl)cc(Cl)c2cccnc12
fda_enamine547,CN1C(=O)CC(C1=O)c1ccccc1
fda_enamine548,NCCCC(O)(P(=O)(O)O)P(=O)(O)O
fda_enamine549,COc1ccc(cc1)c1cc(=S)ss1
fda_enamine550,CC(C)Cc1ccc(cc1)[C@H](C)C(=O)O
fda_enamine551,CCCCOCc1ccc(O)c(OC)c1
fda_enamine552,CCS(=O)(=O)CCn1c(C)ncc1[N+](=O)[O-]
fda_enamine553,[O-][N+](=O)c1nccn1CC(=O)NCc1ccccc1
fda_enamine554,CN/C(=N\C#N)/NCCSCc1nc[nH]c1C
fda_enamine555,Clc1ccccc1CN1CCc2sccc2C1
fda_enamine556,CC(C)COc1ccc(cc1C#N)c1nc(C)c(s1)C(=O)O
fda_enamine557,Cl.CN(C)C(=O)C(CCN1CCC(O)(CC1)c1ccc(Cl)cc1)(c1ccccc1)c1ccccc1
fda_enamine558,Cl.CCc1nn(CCCN2CCN(CC2)c2cccc(Cl)c2)c(=O)n1CCOc1ccccc1
fda_enamine559,CCOCCOC(=O)/C=C/c1ccc(OC)cc1
fda_enamine560,CN(Cc1cnc2nc(N)nc(N)c2n1)c1ccc(cc1)C(=O)N[C@@H](CCC(=O)O)C(=O)O
fda_enamine561,CC(=O)O[C@@]12CO[C@@H]1C[C@H](O)[C@]1(C)[C@@H]2[C@H](OC(=O)c2ccccc2)[C@]2(O)C[C@H](OC(=O)[C@H](O)[C@@H](NC(=O)OC(C)(C)C)c3ccccc3)C(=C([C@@H](O)C1=O)C2(C)C)C
fda_enamine562,OC[C@H]1O[C@H](C[C@@H]1O)n1cc(F)c(=O)[nH]c1=O
fda_enamine563,C[C@]12C[C@H](O)[C@H]3[C@@H](CCC4=CC(=O)C=C[C@]34C)[C@@H]1CC[C@]2(O)C(=O)CO
fda_enamine564,NS(=O)(=O)c1cc2c(N=C(CSCc3ccccc3)NS2(=O)=O)cc1Cl
fda_enamine565,CC(=O)O[C@@H]1C2=C(C)[C@H](C[C@@](O)([C@@H](OC(=O)c3ccccc3)[C@@H]3[C@@]4(CO[C@@H]4C[C@H](O)[C@@]3(C)C1=O)OC(=O)C)C2(C)C)OC(=O)[C@H](O)[C@@H](NC(=O)c1ccccc1)c1ccccc1
fda_enamine566,Cc1ccc(cc1)C(=O)c1ccc(CC(=O)O)n1C
fda_enamine567,[Na+].[Na+].O=N[Fe-2](C#N)(C#N)(C#N)(C#N)C#N
fda_enamine568,CN(C)CCc1c[nH]c2ccc(C[C@H]3COC(=O)N3)cc12
fda_enamine569,CC(=O)[C@H]1CC[C@H]2[C@@H]3CC=C4C[C@@H](O)CC[C@]4(C)[C@H]3CC[C@]12C
fda_enamine570,CC[C@H]1[C@@H](O)[C@H]2[C@@H]3CC[C@H]([C@H](C)CCC(=O)O)[C@@]3(C)CC[C@@H]2[C@@]2(C)CC[C@@H](O)C[C@@H]12
fda_enamine571,C[C@@H]1CCC2[C@@H](C)[C@@H](O)O[C@@H]3OC4(C)CC[C@@H]1[C@@]23OO4
fda_enamine572,CN(C/C=C/C#CC(C)(C)C)Cc1cccc2ccccc12
fda_enamine573,CCN(CC)CCNC(=O)c1c(C)[nH]c(/C=C/2\C(=O)Nc3ccc(F)cc23)c1C
fda_enamine574,[O-][n+]1ccccc1S
fda_enamine575,CCCCCCCC(=O)O
fda_enamine576,CCC1(C)CC(=O)NC1=O
fda_enamine577,Cc1cc(O)cc(C)c1Cl
fda_enamine578,O[C@H]([C@@H](O)C(=O)O)C(=O)O
fda_enamine579,CCC1(C)OC(=O)N(C)C1=O
fda_enamine580,[Ca+2].CC(=O)NCCCS(=O)(=O)[O-].CC(=O)NCCCS(=O)(=O)[O-]
fda_enamine581,N[C@@H](Cc1ccccc1)C(=O)O
fda_enamine582,Cl.NCCc1c[nH]c2ccc(O)cc12
fda_enamine583,O.Cl.Cl.CCCN[C@H]1CCc2nc(N)sc2C1
fda_enamine584,Cc1cc(C2CCCCC2)n(O)c(=O)c1
fda_enamine585,Nc1nnc(c(N)n1)c1cccc(Cl)c1Cl
fda_enamine586,N[C@@H](Cc1c[nH]c2ccc(O)cc12)C(=O)O
fda_enamine587,Cc1cc2cc3c(C)cc(=O)oc3c(C)c2o1
fda_enamine588,OC(=O)CCC(=O)c1ccc(cc1)c1ccccc1
fda_enamine589,CCCN(CCC)S(=O)(=O)c1ccc(cc1)C(=O)O
fda_enamine590,COc1cnc(NS(=O)(=O)c2ccc(N)cc2)nc1
fda_enamine591,CC(C(=O)O)c1cccc(c1)C(=O)c1ccccc1
fda_enamine592,Clc1ccc(cc1)c1ccccc1NC(=O)c1cccnc1Cl
fda_enamine593,CCOC(=O)c1ccc(C#Cc2ccc3SCCC(C)(C)c3c2)nc1
fda_enamine594,Cc1onc(c1c1ccc(cc1)S(=O)(=O)N)c1ccccc1
fda_enamine595,CC1CCc2cc(F)cc3c(=O)c(cn1c23)C(=O)O
fda_enamine596,CC(O)(CS(=O)(=O)c1ccc(F)cc1)C(=O)Nc1ccc(C#N)c(c1)C(F)(F)F
fda_enamine597,Nc1ncnc2n(cnc12)[C@@H]1O[C@H](CO)[C@@H](O)[C@H]1O
fda_enamine598,Cl.Fc1ccc(cc1)[C@@H]1CCNC[C@H]1COc1ccc2OCOc2c1
fda_enamine599,CC(=O)O[C@H]1CC[C@]2(C)[C@H]3CC[C@@]4(C)[C@@H](CC=C4c4cccnc4)[C@@H]3CC=C2C1
fda_enamine600,CC1(C)C[C@@H]1C(=O)N/C(=C\CCCCSC[C@H](N)C(=O)O)/C(=O)O
fda_enamine601,CCCCN1CCCC[C@H]1C(=O)Nc1c(C)cccc1C
fda_enamine602,CC(C)(C)NC[C@H](O)c1ccc(O)c(CO)c1.OS(=O)(=O)O
fda_enamine603,C[C@H](CCC(=O)O)C1CC[C@H]2[C@H]3[C@H](CC(=O)[C@]12C)[C@@]1(C)CCC(=O)C[C@H]1CC3=O
fda_enamine604,CC(=O)[C@H]1CC[C@H]2[C@@H]3CCC4=CC(=O)CC[C@]4(C)[C@H]3CC[C@]12C
fda_enamine605,CC1=C(N2[C@H](SC1)[C@H](NC(=O)[C@H](N)C1=CCC=CC1)C2=O)C(=O)O
fda_enamine606,CNC(=O)c1cc(Oc2ccc(NC(=O)Nc3ccc(Cl)c(c3)C(F)(F)F)c(F)c2)ccn1
fda_enamine607,CCCCCCOC(=O)c1ccccc1C(=O)c1ccc(cc1O)N(CC)CC
fda_enamine608,C[C@H](Cc1cc2CCN(CCCO)c2c(c1)C(=O)N)NCCOc1ccccc1OCC(F)(F)F
fda_enamine609,COC(=O)c1ccc2/C(=C(/Nc3ccc(cc3)N(C)C(=O)CN3CCN(C)CC3)\c3ccccc3)/C(=O)Nc2c1
fda_enamine610,C[C@@H]1CCO[C@H]2Cn3cc(C(=O)NCc4ccc(F)cc4F)c(=O)c(O)c3C(=O)N12
fda_enamine611,CC(C)[C@H](N1CCCNC1=O)C(=O)N[C@H](C[C@H](O)[C@H](Cc1ccccc1)NC(=O)COc1c(C)cccc1C)Cc1ccccc1
fda_enamine612,CO/N=C(\C(=O)N[C@H]1[C@H]2SCC(=C(N2C1=O)C(=O)O)COC(=O)N)/c1ccco1
fda_enamine613,CCc1cc(ccc1CN1CC(C1)C(=O)O)/C(=N/OCc1ccc(C2CCCCC2)c(c1)C(F)(F)F)/C
fda_enamine614,[Na+].CC(C)c1nc(nc(c1/C=C/[C@@H](O)C[C@@H](O)CC(=O)[O-])c1ccc(F)cc1)N(C)S(=O)(=O)C
fda_enamine615,Cl.CN(C)/C(=N/C(=N)N)/N
fda_enamine616,Cn1c(=O)n(C)c2nc[nH]c2c1=O
fda_enamine617,CC(=O)N[C@@H](CCC(=O)N)C(=O)O
fda_enamine618,NC(=O)N[C@@H](CCC(=O)O)C(=O)O
fda_enamine619,CCCCCc1ccc(C)cc1O
fda_enamine620,NCC(CC(=O)O)c1ccccc1
fda_enamine621,N[Pt]1(N)OC(=O)C2(CCC2)C(=O)O1
fda_enamine622,CCCCCCCCCCCC(=O)O
fda_enamine623,CCN(CC)C(=O)N1CCN(C)CC1
fda_enamine624,CCC1(C(=O)NCNC1=O)c1ccccc1
fda_enamine625,Cc1cc(NS(=O)(=O)c2ccc(N)cc2)no1
fda_enamine626,Cl.Cc1cc(cc(C)c1CC1=NCCN1)C(C)(C)C
fda_enamine627,O.O.[Ca+2].CC(C(=O)[O-])c1cccc(Oc2ccccc2)c1.CC(C(=O)[O-])c1cccc(Oc2ccccc2)c1
fda_enamine628,CNS(=O)(=O)Cc1ccc2[nH]cc(CCN(C)C)c2c1.OC(=O)CCC(=O)O
fda_enamine629,Cl.CNCCC(Oc1ccc(cc1)C(F)(F)F)c1ccccc1
fda_enamine630,CN1CCC(=C2c3ccccc3CCc3cccnc23)CC1.OC(=O)/C=C/C(=O)O.OC(=O)/C=C/C(=O)O
fda_enamine631,N#CC[C@H](C1CCCC1)n1cc(cn1)c1ncnc2[nH]ccc12
fda_enamine632,COc1ccc2[nH]cc(CCNC(=O)C)c2c1
fda_enamine633,Nc1nc(Cl)nc2n(cnc12)[C@@H]1O[C@H](CO)[C@@H](O)[C@@H]1F
fda_enamine634,CCCc1nc(c(C(=O)O)n1Cc1ccc(cc1)c1ccccc1c1nnn[nH]1)C(C)(C)O
fda_enamine635,CCOc1nc2cccc(C(=O)O)c2n1Cc1ccc(cc1)c1ccccc1c1nnn[nH]1
fda_enamine636,CC(=O)OCC1=C(N2[C@H](SC1)[C@H](NC(=O)Cc1cccs1)C2=O)C(=O)O
fda_enamine637,O.O.O.CC1(C)S[C@@H]2[C@H](NC(=O)[C@H](N)c3ccc(O)cc3)C(=O)N2[C@H]1C(=O)O
fda_enamine638,CCCOC(=O)c1ccc(O)cc1
fda_enamine639,COc1ccc(C(=O)c2ccccc2)c(O)c1
fda_enamine640,OC[C@H]1O[C@H](C[C@@H]1O)n1cnc2[C@H](O)CNC=Nc12
fda_enamine641,[Cl-].COc1ccc2cc3-c4cc5OCOc5cc4CC[n+]3cc2c1OC
fda_enamine642,Cl.CN[C@H](CC(C)C)C(=O)N[C@@H]1[C@H](O)c2ccc(Oc3cc4cc(Oc5ccc(cc5Cl)[C@@H](O)[C@@H]5NC(=O)[C@H](NC(=O)[C@@H]4NC(=O)[C@H](CC(=O)N)NC1=O)c1ccc(O)c(-c4c(O)cc(O)cc4[C@H](NC5=O)C(=O)O)c1)c3O[C@@H]1OC(CO)[C@@H](O)[C@H](O)[C@H]1O[C@H]1C[C@](C)(N)[C@H](O)[C@H](C)O1)c(Cl)c2
fda_enamine643,CCc1nc(C(=O)N)c(Nc2ccc(N3CCC(CC3)N3CCN(C)CC3)c(OC)c2)nc1NC1CCOCC1
fda_enamine644,Cc1ccc(/C=C/2\C3CCC(C)(C2=O)C3(C)C)cc1
fda_enamine645,COc1c(C)c2COC(=O)c2c(O)c1C/C=C(\C)/CCC(=O)O
fda_enamine646,COc1ccc(/C=C/C)cc1
fda_enamine647,CN(C)C/C=C/C(=O)Nc1cc2c(Nc3ccc(F)c(Cl)c3)ncnc2cc1O[C@H]1CCOC1
fda_enamine648,Oc1ccccc1
fda_enamine649,O=c1nc[nH]c2[nH]ncc12
fda_enamine650,OCc1ccc(Cl)cc1Cl
fda_enamine651,Cl.NCCCC[C@H](N)C(=O)O
fda_enamine652,Cl.COC(=O)CCC(=O)CN
fda_enamine653,FC(F)OC(F)(F)C(F)Cl
fda_enamine654,O=c1ccc2ccccc2o1
fda_enamine655,CC(N)Cc1ccc(O)cc1
fda_enamine656,CN(C)C(=S)SSC(=S)N(C)C
fda_enamine657,Cl.Cc1ncc(CO)c(C=O)c1O
fda_enamine658,CCOC(=O)c1ccc(N)cc1
fda_enamine659,OC[C@@H](O)[C@@H](O)[C@H](O)[C@@H](O)C=O
fda_enamine660,CCOC(=O)N1CSCC1C(=O)O
fda_enamine661,Cl.C[C@H](Cc1ccccc1)N(C)CC#C
fda_enamine662,CCCCC/C(=C\c1ccccc1)/C=O
fda_enamine663,Cl.CCCCCCOC(=O)CCC(=O)CN
fda_enamine664,O[C@H]([C@@H](O)C(=O)O)C(=O)O.C1[C@H]2CNC[C@@H]1c1cc3nccnc3cc21
fda_enamine665,OC(Cc1cccnc1)(P(=O)(O)O)P(=O)(O)O
fda_enamine666,O=C(OOC(=O)c1ccccc1)c1ccccc1
fda_enamine667,OC(=O)c1cc(nc2ccccc12)c1ccccc1
fda_enamine668,COc1cc(NC(C)CCCN)c2ncccc2c1.OP(=O)(O)O
fda_enamine669,COc1nccnc1NS(=O)(=O)c1ccc(N)cc1
fda_enamine670,CN1CCN2C(C1)c1ccccc1Cc1cccnc21
fda_enamine671,CCN(CC)CCNC(=O)c1cc(Cl)c(N)cc1OC
fda_enamine672,CN1C(CCl)Nc2cc(Cl)c(cc2S1(=O)=O)S(=O)(=O)N
fda_enamine673,COC(=O)Nc1nc2ccc(cc2[nH]1)C(=O)c1ccccc1
fda_enamine674,O=C(C1CCCCC1)N1CC2N(CCc3ccccc23)C(=O)C1
fda_enamine675,COCCOC(=O)C1=C(C)NC(=C(C1c1cccc(c1)[N+](=O)[O-])C(=O)OC(C)C)C
fda_enamine676,Nc1ccn([C@@H]2O[C@H](CO)[C@@H](O)[C@@H]2O)c(=O)n1
fda_enamine677,NC(=O)c1ncn(n1)[C@@H]1O[C@H](CO)[C@@H](O)[C@H]1O
fda_enamine678,CCN(CC)CCCC(C)Nc1c2ccc(Cl)cc2nc2ccc(OC)cc12
fda_enamine679,[Na+].[O-]C(=O)c1ccccc1C(=O)Nc1ccc(cc1)S(=O)(=O)Nc1nccs1
fda_enamine680,COc1cc(NS(=O)(=O)c2ccc(N)cc2)nc(OC)n1
fda_enamine681,CCP(=[Au]S[C@@H]1O[C@H](COC(=O)C)[C@@H](OC(=O)C)[C@H](OC(=O)C)[C@H]1OC(=O)C)(CC)CC
fda_enamine682,Nc1nc(=O)n(cc1F)[C@@H]1CS[C@H](CO)O1
fda_enamine683,CCC(C)(C)C(=O)O[C@H]1C[C@@H](C)C=C2C=C[C@H](C)[C@H](CC[C@@H]3C[C@@H](O)CC(=O)O3)[C@@H]12
fda_enamine684,CN(C)CC(c1ccc(O)cc1)C1(O)CCCCC1
fda_enamine685,CO[C@@H]1C[C@@H](CC[C@H]1O)/C=C(\C)/[C@H]1OC(=O)[C@@H]2CCCCN2C(=O)C(=O)[C@]2(O)O[C@@H]([C@H](C[C@H]2C)OC)[C@H](C[C@@H](C)C/C(=C/[C@@H](CC=C)C(=O)C[C@H](O)[C@H]1C)/C)OC
fda_enamine686,C[C@@H]1CCN(C[C@@H]1N(C)c1ncnc2[nH]ccc12)C(=O)CC#N
fda_enamine687,COC(=O)c1ccccc1O
fda_enamine688,OC(=O)c1ccc(cc1)N1N/C(=C/2\C=CC=CC2=O)/N/C/1=C\1/C=CC=CC1=O
fda_enamine689,CO[C@H]1/C=C\O[C@@]2(C)Oc3c(C2=O)c2C4=NC5(CCN(CC(C)C)CC5)NC4=C(NC(=O)/C(=C\C=C/[C@H](C)[C@H](O)[C@@H](C)[C@@H](O)[C@@H](C)[C@H](OC(=O)C)[C@@H]1C)/C)C(=O)c2c(O)c3C
fda_enamine690,Cl.Clc1ccc(cc1)C(OCCN1CCCCC1)c1ccccc1
fda_enamine691,CN1CCN(CC1)C1=Nc2ccccc2Oc2ccc(Cl)cc12.OC(=O)CCC(=O)O
fda_enamine692,OC[C@H]1O[C@@H](O[C@@H]2[C@@H](O)[C@H](O)[C@@H](O)O[C@H]2CO)[C@H](O)[C@@H](O)[C@H]1O
fda_enamine693,O[C@H]1[C@H](O)[C@@H](O)[C@H](O)[C@H](O)[C@@H]1O
fda_enamine694,Cl.N[C@H]1[C@H](O)O[C@H](CO)[C@@H](O)[C@@H]1O
fda_enamine695,Cn1c(CNc2ccc(cc2)C(=N)N)nc2cc(ccc12)C(=O)N(CCC(=O)O)c1ccccn1
fda_enamine696,COCC(=O)Nc1c(I)c(C(=O)NCC(O)CO)c(I)c(C(=O)N(C)CC(O)CO)c1I
fda_enamine697,CS(=O)(=O)Nc1cc2occ(NC=O)c(=O)c2cc1Oc1ccccc1
fda_enamine698,OC/C=C/c1ccccc1
fda_enamine699,CC(C)(O)CNc1nc(Nc2ccnc(c2)C(F)(F)F)nc(n1)c1cccc(n1)C(F)(F)F
fda_enamine700,COC(=O)[C@@H]1CC2=CC(=O)CC[C@]2(C)[C@@]23O[C@@H]2C[C@@]2(C)[C@@H](CC[C@]42CCC(=O)O4)C13
fda_enamine701,CO[C@H]1/C=C\O[C@@]2(C)Oc3c(C2=O)c2C(=O)/C(=C/NN4CCN(CC4)C4CCCC4)/C(=C(O)c2c(O)c3C)NC(=O)/C(=C\C=C/[C@H](C)[C@H](O)[C@@H](C)[C@@H](O)[C@@H](C)[C@H](OC(=O)C)[C@@H]1C)/C
fda_enamine702,NC(CO)(CO)CO
fda_enamine703,CC(C)(S)[C@@H](N)C(=O)O
fda_enamine704,CN(CC(=O)O)C(=N)N
fda_enamine705,Sc1nc2ccccc2s1
fda_enamine706,OC[C@@H](O)[C@H](O)[C@@H](O)C=O
fda_enamine707,Cl.NCCc1ccc(O)c(O)c1
fda_enamine708,CNC[C@H](O)c1cccc(O)c1
fda_enamine709,Cl.CC12CC3CC(C)(C1)CC(C2)(N)C3
fda_enamine710,Cl.NC(=NC(=O)Cc1c(Cl)cccc1Cl)N
fda_enamine711,CN1C(=O)CC(C)(C1=O)c1ccccc1
fda_enamine712,CCOc1ccc2nc(sc2c1)S(=O)(=O)N
fda_enamine713,NS(=O)(=O)c1cc2c(N=CNS2(=O)=O)cc1Cl
fda_enamine714,OC(=O)c1ccc2nc(oc2c1)c1cc(Cl)cc(Cl)c1
fda_enamine715,CCn1cc(C(=O)O)c(=O)c2cc(F)c(cc12)N1CCNCC1
fda_enamine716,[Cl-].CCCCCCCCCCCCCCCC[n+]1ccccc1
fda_enamine717,Cl.CC(C)[C@H](N)C(=O)OCCOCn1cnc2c(=O)[nH]c(N)nc12
fda_enamine718,Br.CN(C)CCCC1(OCc2cc(C#N)ccc12)c1ccc(F)cc1
fda_enamine719,Cl.CCCCN(CCCC)CCC(O)c1cc2c(Cl)cc(Cl)cc2c2cc(ccc12)C(F)(F)F
fda_enamine720,N[C@@H](CC(=O)N1CCn2c(nnc2C1)C(F)(F)F)Cc1cc(F)c(F)cc1F
fda_enamine721,Cc1nc2C(O)CCCn2c(=O)c1CCN1CCC(CC1)c1noc2cc(F)ccc12
fda_enamine722,Cl.COc1ccc(cc1)[C@@H]1Sc2ccccc2N(CCN(C)C)C(=O)[C@@H]1OC(=O)C
fda_enamine723,O.O.O.[CaH2].CC(C)c1c(C(=O)Nc2ccccc2)c(c(c2ccc(F)cc2)n1CC[C@@H](O)C[C@@H](O)CC(=O)O)c1ccccc1.CC(C)c1c(C(=O)Nc2ccccc2)c(c(c2ccc(F)cc2)n1CC[C@@H](O)C[C@@H](O)CC(=O)O)c1ccccc1
fda_enamine724,CCC(=O)c1ccc(O)cc1
fda_enamine725,Cc1ccc(cc1)C(=O)c1cc(O)c(O)c(c1)[N+](=O)[O-]
fda_enamine726,COc1ccc2[C@H]3CC[C@@]4(C)[C@@H](CC[C@@]4(O)C#C)[C@@H]3CCc2c1
fda_enamine727,O[C@H]1CO[C@@H]2[C@H](O)CO[C@H]12
fda_enamine728,CCCSc1nc(N[C@@H]2C[C@H]2c2ccc(F)c(F)c2)c2nnn([C@@H]3C[C@H](OCCO)[C@@H](O)[C@H]3O)c2n1
fda_enamine729,CCCCC(CC)COc1ccc(c(O)c1)c1nc(nc(n1)c1ccc(OCC(CC)CCCC)cc1O)c1ccc(OC)cc1
fda_enamine730,CN1CCN(Cc2ccc(NC(=O)c3ccc(C)c(C#Cc4cnc5cccnn45)c3)cc2C(F)(F)F)CC1
fda_enamine731,CC(C)CN(C[C@@H](O)[C@H](Cc1ccccc1)NC(=O)O[C@H]1CO[C@H]2OCC[C@@H]12)S(=O)(=O)c1ccc(N)cc1
fda_enamine732,CC[C@H](C)[C@H](N)C1=N[C@@H](CS1)C(=O)N[C@@H](CC(C)C)C(=O)N[C@H](CCC(=O)O)C(=O)N[C@@H]([C@@H](C)CC)C(=O)NC1CCCCNC(=O)C(CC(=O)N)NC(=O)[C@@H](CC(=O)O)NC(=O)[C@H](Cc2c[nH]cn2)NC(=O)C(Cc2ccccc2)NC(=O)[C@@H](NC(=O)C(CCCN)NC1=O)[C@@H](C)CC
fda_enamine733,CCOC(=O)N
fda_enamine734,Nc1ccncc1
fda_enamine735,[Cl-].C[N+](C)(C)CCO
fda_enamine736,N[C@@H](CC(=O)N)C(=O)O
fda_enamine737,Cl.NCCC[C@H](N)C(=O)O
fda_enamine738,Cc1nc(C)c(Cl)c(O)c1Cl
fda_enamine739,CC(C)c1cc(Cl)c(C)cc1O
fda_enamine740,CCOc1ccccc1C(=O)N
fda_enamine741,CN(CCOP(=O)(O)O)C(=N)N
fda_enamine742,Cl.CC(N)C12CC3CC(CC(C3)C1)C2
fda_enamine743,CCCCOC(=O)c1ccc(N)cc1
fda_enamine744,Cl.Cc1cccc(Cc2c[nH]cn2)c1C
fda_enamine745,Cl.NC(=N)N/N=C/c1c(Cl)cccc1Cl
fda_enamine746,CC(=O)N[C@@H](Cc1ccc(O)cc1)C(=O)O
fda_enamine747,Nc1nc(=O)c2ncn(COC(CO)CO)c2[nH]1
fda_enamine748,Cc1ccnc2N(C3CC3)c3ncccc3C(=O)Nc12
fda_enamine749,Cc1ccc(cc1)S(=O)(=O)NC(=O)NN1CCCCCC1
fda_enamine750,Cc1nccn1CC1CCc2c(C1=O)c1ccccc1n2C
fda_enamine751,Cl.CN(C)CC/C=C\1/c2ccccc2C=Cc2ccccc12
fda_enamine752,CC(C)N(CCC(C(=O)N)(c1ccccc1)c1ccccn1)C(C)C
fda_enamine753,CC(C)C[C@H](NC(=O)[C@@H](O)[C@H](N)Cc1ccccc1)C(=O)O
fda_enamine754,COc1ccccc1N1CCN(CC(O)COc2cccc3ccccc23)CC1
fda_enamine755,Cl.NC1=NCC2N1c1ccccc1Cc1ccccc21
fda_enamine756,[O-][N+](=O)c1ccc(/C=N/N2CC(=O)NC2=O)o1
fda_enamine757,Nc1nc(F)nc2n(cnc12)[C@@H]1O[C@H](CO)[C@@H](O)[C@@H]1O
fda_enamine758,C[C@]12CC[C@H]3[C@@H](CC[C@H]4NC(=O)C=C[C@]34C)[C@@H]1CC[C@@H]2C(=O)Nc1cc(ccc1C(F)(F)F)C(F)(F)F
fda_enamine759,O.O.C[C@H](N[C@@H](CCc1ccccc1)C(=O)O)C(=O)N1CCC[C@H]1C(=O)O
fda_enamine760,CS(=O)(=O)CCNCc1ccc(o1)c1ccc2ncnc(Nc3ccc(OCc4cccc(F)c4)c(Cl)c3)c2c1
fda_enamine761,CCCCC(=O)N(Cc1ccc(cc1)c1ccccc1c1nnn[nH]1)[C@@H](C(C)C)C(=O)O
fda_enamine762,NS(=O)(=O)c1cc(ccc1Cl)C1(O)NC(=O)c2ccccc12
fda_enamine763,CN(C)[C@H]1[C@@H]2C[C@H]3C(=C(O)[C@]2(O)C(=O)C(=C1O)C(=O)N)C(=O)c1c(O)cccc1[C@@]3(C)O
fda_enamine764,CC(C)(C)NCC(O)COc1cccc2C[C@@H](O)[C@@H](O)Cc12
fda_enamine765,[Cl-].CN(C)c1ccc(cc1)C(=C1C=CC(=[N+](C)C)C=C1)c1ccc(cc1)N(C)C
fda_enamine766,Cl.Cl.OCCN1CCN(CCCN2c3ccccc3Sc3ccc(cc23)C(F)(F)F)CC1
fda_enamine767,[Na+].CCOc1ccc2ccccc2c1C(=O)N[C@H]1[C@H]2SC(C)(C)[C@@H](N2C1=O)C(=O)[O-]
fda_enamine768,[Na+].CO/N=C(/C(=O)N[C@H]1[C@H]2SCC(=C(N2C1=O)C(=O)[O-])COC(=O)C)\c1csc(N)n1
fda_enamine769,C[C@H]1C[C@H]2[C@@H]3CCC4=CC(=O)C=C[C@]4(C)[C@@]3(F)[C@@H](O)C[C@]2(C)[C@@]1(O)C(=O)CO
fda_enamine770,C[C@]12C[C@H](O)[C@H]3[C@@H](CCC4=CC(=O)CC[C@]34C)[C@@H]1CC[C@]2(O)C(=O)CO
fda_enamine771,CC1=CC[C@H](C[C@@H]1O)C(C)(C)O
fda_enamine772,CCCOc1ccc(cc1c1nc(=O)c2n(C)nc(CCC)c2[nH]1)S(=O)(=O)NCCC1CCCN1C
fda_enamine773,CCCCC/C=C\C/C=C\CCCCCCCC(=O)O
fda_enamine774,N[C@@H](CS)C(=O)O
fda_enamine775,FC(F)(F)C(Cl)Br
fda_enamine776,CC(C)[C@H](N)C(=O)O
fda_enamine777,NC(CCC(=O)O)C=C
fda_enamine778,Cl.Cl.CNCCc1ccccn1
fda_enamine779,CC(C)c1ccc(C)c(O)c1
fda_enamine780,Cl.CNC(C)Cc1ccccc1OC
fda_enamine781,NCCC(O)(P(=O)(O)O)P(=O)(O)O
fda_enamine782,CC(=O)Nc1nnc(s1)S(=O)(=O)N
fda_enamine783,CCN1C(=O)NC(C1=O)c1ccccc1
fda_enamine784,I.C1CN=C(N1)Sc1c[nH]c2ccccc12
fda_enamine785,CC(C)NCC(O)c1ccc(cc1)[N+](=O)[O-]
fda_enamine786,Nc1nc(=O)c2ncn(COCCO)c2[nH]1
fda_enamine787,Cl.CCN(CC)CCOC(=O)c1ccc(N)cc1
fda_enamine788,CCCCCCCCCCCCCCCCO
fda_enamine789,Cl.CN(C)CCOC(=O)COc1ccc(Cl)cc1
fda_enamine790,CCc1nc(N)nc(N)c1c1ccc(Cl)cc1
fda_enamine791,Cn1cnc([N+](=O)[O-])c1Sc1ncnc2nc[nH]c12
fda_enamine792,OC(=O)c1cccnc1Nc1cccc(c1)C(F)(F)F
fda_enamine793,NS(=O)(=O)c1cc2c(NC(NS2(=O)=O)C(Cl)Cl)cc1Cl
fda_enamine794,COc1ncnc(NS(=O)(=O)c2ccc(N)cc2)c1OC
fda_enamine795,FC(F)(F)[C@]1(OC(=O)Nc2ccc(Cl)cc12)C#CC1CC1
fda_enamine796,CN(CCOc1ccc(CC2SC(=O)NC2=O)cc1)c1ccccn1.OC(=O)/C=C\C(=O)O
fda_enamine797,CN(C)c1ccc2[n+](C)c(/C=C/c3cc(C)n(c3C)c3ccccc3)ccc2c1.CN(C)c1ccc2[n+](C)c(/C=C/c3cc(C)n(c3C)c3ccccc3)ccc2c1.Oc1c(Cc2c(O)c(cc3ccccc23)C(=O)[O-])c2ccccc2cc1C(=O)[O-]
fda_enamine798,Fc1ccc(Cc2n[nH]c(=O)c3ccccc23)cc1C(=O)N1CCN(CC1)C(=O)C1CC1
fda_enamine799,CCCC(=O)OCOC(=O)C1=C(C)NC(=C(C1c1cccc(Cl)c1Cl)C(=O)OC)C
fda_enamine800,Nc1ccn([C@@H]2O[C@H](CO)[C@@H](O)C2(F)F)c(=O)n1
fda_enamine801,OCCOCCN1CCN(CC1)C1=Nc2ccccc2Sc2ccccc12.OCCOCCN1CCN(CC1)C1=Nc2ccccc2Sc2ccccc12.OC(=O)/C=C/C(=O)O
fda_enamine802,CCOC(=O)c1ccc(O)cc1
fda_enamine803,OCCOC(=O)c1ccccc1O
fda_enamine804,OC(=O)CCC(=O)O.O=C(O[C@H]1CN2CC[C@H]1CC2)N1CCc2ccccc2[C@@H]1c1ccccc1
fda_enamine805,C[C@]12CC[C@H]3[C@@H](CC=C4C[C@@H](O)CC[C@]34C)[C@@H]1CC=C2c1cccnc1
fda_enamine806,CC(C)Oc1cc(C2CCNCC2)c(C)cc1Nc1ncc(Cl)c(Nc2ccccc2S(=O)(=O)C(C)C)n1
fda_enamine807,[Na+].CC(C)n1c(/C=C/[C@@H](O)C[C@@H](O)CC(=O)[O-])c(c2ccc(F)cc2)c2ccccc12
fda_enamine808,Cc1ccc(O)cc1
fda_enamine809,S=P(N1CC1)(N1CC1)N1CC1
fda_enamine810,CC(=O)Oc1cccc(O)c1
fda_enamine811,CC(C)c1cccc(C(C)C)c1O
fda_enamine812,CC(O)Cn1c(C)ncc1[N+](=O)[O-]
fda_enamine813,CCCn1c(=O)[nH]c(=O)c2[nH]cnc12
fda_enamine814,C[C@](N)(Cc1ccc(O)cc1)C(=O)O
fda_enamine815,CC1=Nc2ccc(Cl)cc2S(=O)(=O)N1
fda_enamine816,Cl.NCC(CC(=O)O)c1ccc(Cl)cc1
fda_enamine817,NC(=O)c1cc(cc(c1)[N+](=O)[O-])[N+](=O)[O-]
fda_enamine818,Nc1ccc2cc3ccc(N)cc3nc2c1.OS(=O)(=O)O
fda_enamine819,Cc1cc(C)cc(OCC2CNC(=O)O2)c1
fda_enamine820,CCC1(NC(=O)N(C)C1=O)c1ccccc1
fda_enamine821,Cc1nnc(NS(=O)(=O)c2ccc(N)cc2)s1
fda_enamine822,CCOC(=O)c1cncn1[C@H](C)c1ccccc1
fda_enamine823,COCCc1ccc(OCC(O)CNC(C)C)cc1
fda_enamine824,CCC(O)(c1ccccc1)c1cccc(c1)C(F)(F)F
fda_enamine825,Cl.CN(C)CCCN1c2ccccc2CCc2ccccc12
fda_enamine826,CC(=O)OCC(CCn1cnc2cnc(N)nc12)COC(=O)C
fda_enamine827,N[C@@H](Cc1cc(I)c(Oc2ccc(O)c(I)c2)c(I)c1)C(=O)O
fda_enamine828,Oc1ccc(cc1)C1(OC(=O)c2ccccc12)c1ccc(O)cc1
fda_enamine829,CC(C)[C@H]1CC[C@@H](CC1)C(=O)N[C@H](Cc1ccccc1)C(=O)O
fda_enamine830,CNC(=O)c1ccc(cc1F)N1C(=S)N(C(=O)C21CCC2)c1cnc(C#N)c(c1)C(F)(F)F
fda_enamine831,COc1cc2nc(nc(N)c2cc1OC)N1CCN(CC1)C(=O)C1CCCO1
fda_enamine832,CCOC(=O)C1=C[C@@H](OC(CC)CC)[C@H](NC(=O)C)[C@@H](N)C1.OP(=O)(O)O
fda_enamine833,CO[C@H]1O[C@@H]2O[C@@]3(C)CC[C@H]4[C@H](C)CC[C@@H]([C@H]1C)[C@@]24OO3
fda_enamine834,O.Cl.CCN1CC(CCN2CCOCC2)C(C1=O)(c1ccccc1)c1ccccc1
fda_enamine835,C[C@@H](Oc1cc(cnc1N)c1cnn(c1)C1CCNCC1)c1c(Cl)ccc(F)c1Cl
fda_enamine836,C[C@]12CC[C@H]3[C@@H](CCc4cc(O)ccc34)[C@@H]1CCC2=O
fda_enamine837,CC(C)[C@@H]1CC[C@@H](C)C[C@H]1O
fda_enamine838,Clc1ccc(s1)C(=O)NC[C@H]1CN(C(=O)O1)c1ccc(cc1)N1CCOCC1=O
fda_enamine839,Cl.CSc1ccc2Sc3ccccc3N(CCC3CCCCN3C)c2c1
fda_enamine840,CC(C)C(=O)c1c(nn2ccccc12)C(C)C
fda_enamine841,O.[Na+].Cc1onc(c1C(=O)N[C@H]1[C@H]2SC(C)(C)[C@@H](N2C1=O)C(=O)[O-])c1c(Cl)cccc1Cl
fda_enamine842,Cl.CCOC(=O)[C@H](CCc1ccccc1)N[C@@H](C)C(=O)N1Cc2ccccc2C[C@H]1C(=O)O
fda_enamine843,CO[C@H]1/C=C\O[C@@]2(C)Oc3c(C2=O)c2c(O)c(/C=N/N4CCN(C)CC4)c(NC(=O)/C(=C\C=C/[C@H](C)[C@H](O)[C@@H](C)[C@@H](O)[C@@H](C)[C@H](OC(=O)C)[C@@H]1C)/C)c(O)c2c(O)c3C
fda_enamine844,CCCCN1C[C@H](O)[C@@H](O)[C@H](O)[C@H]1CO
fda_enamine845,CCC1=C(C)CN(C(=O)NCCc2ccc(cc2)S(=O)(=O)NC(=O)N[C@H]2CC[C@H](C)CC2)C1=O
fda_enamine846,CC(C)[C@H](NC(=O)N(C)Cc1csc(n1)C(C)C)C(=O)N[C@H](C[C@H](O)[C@H](Cc1ccccc1)NC(=O)OCc1cncs1)Cc1ccccc1
fda_enamine847,CCC(=O)O[C@@H](OP(=O)(CCCCc1ccccc1)CC(=O)N1C[C@@H](C[C@H]1C(=O)O)C1CCCCC1)C(C)C
fda_enamine848,COC(=O)N[C@H](C(=O)N[C@@H](Cc1ccccc1)[C@@H](O)CN(Cc1ccc(cc1)c1ccccn1)NC(=O)[C@@H](NC(=O)OC)C(C)(C)C)C(C)(C)C
fda_enamine849,CN1CC(=O)N2[C@@H](c3[nH]c4ccccc4c3C[C@@H]2C1=O)c1ccc2OCOc2c1
fda_enamine850,[Na+].CC(C)(O)c1ccccc1CC[C@@H](SCC1(CC(=O)[O-])CC1)c1cccc(/C=C/c2ccc3ccc(Cl)cc3n2)c1
fda_enamine851,[Na+].CC1(C)/C(=C/C=C/C=C/C=C/C2=[N+](CCCCS(=O)(=O)[O-])c3ccc4ccccc4c3C2(C)C)/N(CCCCS(=O)(=O)[O-])c2ccc3ccccc3c12
fda_enamine852,CCC(CC)COC(=O)[C@H](C)N[P@](=O)(OC[C@H]1O[C@](C#N)([C@H](O)[C@@H]1O)c1ccc2c(N)ncnn12)Oc1ccccc1
fda_enamine853,Cl.Cl.NCCc1cc[nH]n1
fda_enamine854,C[C@@H](O)[C@H](N)C(=O)O
fda_enamine855,OC(=O)[C@@H]1CCCN1
fda_enamine856,OCCOc1ccccc1
fda_enamine857,FC(F)OC(Cl)C(F)(F)F
fda_enamine858,OC[C@@H](O)[C@@H](O)[C@H](O)[C@H](O)CO
fda_enamine859,CNC[C@H](O)c1ccc(O)c(O)c1
fda_enamine860,[O-][N+](=O)OCCNC(=O)c1cccnc1
fda_enamine861,Cc1c(cc(cc1[N+](=O)[O-])[N+](=O)[O-])C(=O)N
fda_enamine862,O=C(OCc1ccccc1)c1ccccc1
fda_enamine863,COc1nc(C)nc(Cl)c1NC1=NCCN1
fda_enamine864,CCn1cc(C(=O)O)c(=O)c2ccc(C)nc12
fda_enamine865,CN1C(c2ccc(Cl)cc2)S(=O)(=O)CCC1=O
fda_enamine866,O=C1N(C2CCC(=O)NC2=O)C(=O)c2ccccc12
fda_enamine867,NS(=O)(=O)c1cc(C(=O)O)c(NCc2ccco2)cc1Cl
fda_enamine868,Cc1c(NC(=O)c2cccnc2)c(=O)n(c2ccccc2)n1C
fda_enamine869,Cc1cnc(Nc2ccc(OCCN3CCCC3)cc2)nc1Nc1cccc(c1)S(=O)(=O)NC(C)(C)C
fda_enamine870,Cl.CCCCN(CCCC)CCCOc1ccc(cc1)C(=O)c1c(CCCC)oc2ccc(NS(=O)(=O)C)cc12
fda_enamine871,CC(=O)c1ccc2Sc3ccccc3N(CCCN3CCC(CCO)CC3)c2c1
fda_enamine872,CCOC(=O)C1=C(COCCN)NC(=C(C1c1ccccc1Cl)C(=O)OC)C.OS(=O)(=O)c1ccccc1
fda_enamine873,CCCNC(=O)NS(=O)(=O)c1ccc(Cl)cc1
fda_enamine874,COc1cc2nc(nc(N)c2cc1OC)N1CCN(CC1)C(=O)C1COc2ccccc2O1
fda_enamine875,CN(C)CCC[C@]1(OCc2cc(C#N)ccc12)c1ccc(F)cc1.OC(=O)C(=O)O
fda_enamine876,CCOC(=O)c1ccccc1O
fda_enamine877,CN(C)[C@H]1[C@@H]2[C@@H](O)[C@H]3C(=C(O)[C@]2(O)C(=O)C(=C1O)C(=O)N)C(=O)c1c(O)cccc1[C@@]3(C)O
fda_enamine878,C[C@H](CS)C(=O)N1CCC[C@H]1C(=O)O
fda_enamine879,CCC(C)CCCCC(=O)N[C@@H](CCN)C(=O)N[C@@H]([C@@H](C)O)C(=O)N[C@@H](CCN)C(=O)NC1CCNC(=O)C(NC(=O)[C@H](CCN)NC(=O)[C@H](CCN)NC(=O)[C@H](CC(C)C)NC(=O)[C@@H](Cc2ccccc2)NC(=O)C(CCN)NC1=O)[C@@H](C)O.OS(=O)(=O)O
fda_enamine880,Cl.CCOC(=O)COc1ccc2c(C)c(CCN(CC)CC)c(=O)oc2c1
fda_enamine881,CCC[C@H](NC(=O)[C@@H]1[C@H]2CCC[C@H]2CN1C(=O)[C@@H](NC(=O)[C@@H](NC(=O)c1cnccn1)C1CCCCC1)C(C)(C)C)C(=O)C(=O)NC1CC1
fda_enamine882,CC#CCn1c(nc2n(C)c(=O)n(Cc3nc(C)c4ccccc4n3)c(=O)c12)N1CCC[C@@H](N)C1
fda_enamine883,Cc1c(C[S@@](=O)c2nc3ccccc3[nH]2)nccc1OCC(F)(F)F
fda_enamine884,[Na+].[O-]C(=O)C[N+]12CC[N+]34CC(=O)O[Fe-2]13(OC(=O)C2)OC(=O)C4
fda_enamine885,C/C(=C\C=C\C(=C/C(=O)O)\C)/C=C/C1=C(C)CCCC1(C)C
fda_enamine886,COC[C@H]1C[C@H](N(C1)C(=O)[C@H](NC(=O)OC)c1ccccc1)c1ncc([nH]1)c1ccc2-c3c(OCc2c1)cc1c2[nH]c(nc2ccc1c3)[C@@H]1CC[C@H](C)N1C(=O)[C@@H](NC(=O)OC)C(C)C
fda_enamine887,NCC(=O)O
fda_enamine888,CC(O)C(=O)O
fda_enamine889,NC(=N)NC(=N)N.OS(=O)(=O)O
fda_enamine890,Cc1ncsc1CCCl
fda_enamine891,Cc1c(O)c(=O)ccn1C
fda_enamine892,O.Cl.NCCCC(N)(C(F)F)C(=O)O
fda_enamine893,Cn1cnc2n(C)c(=O)[nH]c(=O)c12
fda_enamine894,CNC[C@H](O)[C@@H](O)[C@H](O)[C@H](O)CO
fda_enamine895,OC(C(=O)c1ccccc1)c1ccccc1
fda_enamine896,C(C1=NCCN1)c1cccc2ccccc12
fda_enamine897,Cl.Clc1ccc2nsnc2c1NC1=NCCN1
fda_enamine898,CCCCNC(=O)NS(=O)(=O)c1ccc(C)cc1
fda_enamine899,O.CC(N/C(=N\c1ccncc1)/NC#N)C(C)(C)C
fda_enamine900,Cl.CN(C)CC/C=C\1/c2ccccc2COc2ccccc12
fda_enamine901,COc1ccc(/C=C/C(=O)OCCC(C)C)cc1
fda_enamine902,Nc1nc(O)c2nc(CNc3ccc(cc3)C(=O)N[C@@H](CCC(=O)O)C(=O)O)cnc2n1
fda_enamine903,Cl.CCc1c2Cn3c(-c2nc2ccc(OC(=O)N4CCC(CC4)N4CCCCC4)cc12)cc1c(COC(=O)[C@]1(O)CC)c3=O
fda_enamine904,Cl.C[C@@H](NCCCc1cccc(c1)C(F)(F)F)c1cccc2ccccc12
fda_enamine905,Cc1cn([C@@H]2O[C@H](CO)C=C2)c(=O)[nH]c1=O
fda_enamine906,Cc1ccc(cn1)c1ncc(Cl)cc1c1ccc(cc1)S(=O)(=O)C
fda_enamine907,Cl.CCCCNc1ccc(cc1)C(=O)OCCN(C)C
fda_enamine908,CCCCOC(=O)c1ccc(O)cc1
fda_enamine909,Cl.COC(=O)C1=C(C)NC(=C(C1c1cccc(c1)[N+](=O)[O-])C(=O)OCCN(C)Cc1ccccc1)C
fda_enamine910,CCCCCCCC/C=C\CCCCCCCC(=O)O
fda_enamine911,CO[C@H]1[C@@H](C[C@@H]2CN3CCc4c([nH]c5cc(OC)ccc45)[C@H]3C[C@@H]2[C@@H]1C(=O)OC)OC(=O)c1cc(OC)c(OC)c(OC)c1
fda_enamine912,COc1ccc2nccc([C@@H](O)[C@@H]3C[C@@H]4CCN3C[C@@H]4C=C)c2c1
fda_enamine913,C[C@]12CCC3=C4CCC(=O)C=C4CC[C@H]3[C@@H]1CC[C@@]2(O)CC#N
fda_enamine914,CCOc1nc2cccc(C(=O)O)c2n1Cc1ccc(cc1)c1ccccc1c1nc(=O)o[nH]1
fda_enamine915,COc1cc2nccc(Oc3ccc(NC(=O)NC4CC4)c(Cl)c3)c2cc1C(=O)N
fda_enamine916,CCOc1ccc(Cc2cc(ccc2Cl)[C@@H]2O[C@H](CO)[C@@H](O)[C@H](O)[C@H]2O)cc1
fda_enamine917,COc1cc(ccc1Nc1ncc(Cl)c(Nc2ccccc2P(=O)(C)C)n1)N1CCC(CC1)N1CCN(C)CC1
fda_enamine918,Nc1ccncc1N
fda_enamine919,Cl.Cl.NNCCc1ccccc1
fda_enamine920,Cc1cnc(c[n+]1[O-])C(=O)O
fda_enamine921,NCCCNCCSP(=O)(O)O
fda_enamine922,c1nc(cs1)c1nc2ccccc2[nH]1
fda_enamine923,Cl.CC(N)C(=O)Nc1c(C)cccc1C
fda_enamine924,NC(=N)NCCN1CCCCCCC1
fda_enamine925,Br.NC(=N)NCC1COc2ccccc2O1
fda_enamine926,C[C@@](Cc1ccc(O)c(O)c1)(NN)C(=O)O
fda_enamine927,Cl.CNNCc1ccc(cc1)C(=O)NC(C)C
fda_enamine928,Cl.CN(C)CCN(Cc1ccccc1)c1ccccn1
fda_enamine929,CCN(CC)CCOC(=O)c1ccc(N)cc1Cl
fda_enamine930,Cl.CC(CN1c2ccccc2Sc2ccccc12)N(C)C
fda_enamine931,CN(C)CCOC(C)(c1ccccc1)c1ccccn1.OC(=O)CCC(=O)O
fda_enamine932,CN/C(=C\[N+](=O)[O-])/NCCSCc1csc(CN(C)C)n1
fda_enamine933,CCN(CC)CCCC(C)Nc1ccnc2cc(Cl)ccc12.OP(=O)(O)O.OP(=O)(O)O
fda_enamine934,COc1ccc(CCNCC(O)COc2cccc(C)c2)cc1OC
fda_enamine935,CCCCNc1cc(cc(c1Oc1ccccc1)S(=O)(=O)N)C(=O)O
fda_enamine936,[Na+].[Na+].[O-]C(=O)c1ccccc1c1c2ccc([O-])cc2oc2-c1ccc(=O)c2
fda_enamine937,C[C@H](Nc1ncnc2[nH]cnc12)c1cc2cccc(Cl)c2c(=O)n1c1ccccc1
fda_enamine938,CC(C)(C)c1cc(SC(C)(C)Sc2cc(c(O)c(c2)C(C)(C)C)C(C)(C)C)cc(c1O)C(C)(C)C
fda_enamine939,CC(=O)S[C@@H]1CC2=CC(=O)CC[C@]2(C)[C@H]2CC[C@@]3(C)[C@@H](CC[C@]43CCC(=O)O4)[C@H]12
fda_enamine940,CS(=O)(=O)c1ccc(cc1)[C@@H](O)[C@@H](CF)NC(=O)C(Cl)Cl
fda_enamine941,CC[C@H](C)C(=O)O[C@H]1C[C@@H](C)C=C2C=C[C@H](C)[C@H](CC[C@@H]3C[C@@H](O)CC(=O)O3)[C@@H]12
fda_enamine942,OCCN1CCN(CCCN2c3ccccc3Sc3ccc(Cl)cc23)CC1
fda_enamine943,Clc1ccc(C(Cn2ccnc2)OCc2csc3c(Cl)cccc23)c(Cl)c1
fda_enamine944,O[C@]12C[C@@H]3C[C@H](C1)C[C@](C2)(C3)NCC(=O)N1CCC[C@H]1C#N
fda_enamine945,Nc1ncnc2n(CCOCP(=O)(O)O)cnc12
fda_enamine946,CCCc1nc2c(C)cc(cc2n1Cc1ccc(cc1)c1ccccc1C(=O)O)c1nc2ccccc2n1C
fda_enamine947,Cl.COc1ccc(CCN(C)CCCC(C#N)(C(C)C)c2ccc(OC)c(OC)c2)cc1OC
fda_enamine948,Cl.Cl.OCCNCCNc1ccc(NCCNCCO)c2C(=O)c3c(O)ccc(O)c3C(=O)c12
fda_enamine949,C[N+]1(CCCCC[N+]2(C)CCCC2)CCCC1.O[C@H]([C@@H](O)C(=O)[O-])C(=O)O.O[C@H]([C@@H](O)C(=O)[O-])C(=O)O
fda_enamine950,Cc1ccc(cc1)S(=O)(=O)NC(=O)NN1CC2CCCC2C1
fda_enamine951,Nc1ncn([C@H]2C[C@H](O)[C@@H](CO)O2)c(=O)n1
fda_enamine952,OC[C@H]1O[C@H]([C@H](O)[C@@H]1O)n1cnc2c(=O)[nH]cnc12
fda_enamine953,CCCCc1nc(Cl)c(CO)n1Cc1ccc(cc1)c1ccccc1c1nnn[nH]1
fda_enamine954,CC#C[C@]1(O)CC[C@H]2[C@@H]3CCC4=CC(=O)CCC4=C3[C@H](C[C@]12C)c1ccc(cc1)N(C)C
fda_enamine955,[Ca+2].Nc1nc(=O)c2N(C=O)C(CNc3ccc(cc3)C(=O)N[C@@H](CCC(=O)[O-])C(=O)[O-])CNc2[nH]1
fda_enamine956,COC(=O)/C=C/C(=O)OC
fda_enamine957,Cl.CN(C)CC/C=C\1/c2ccccc2COc2ccc(CC(=O)O)cc12
fda_enamine958,CC(=O)NO
fda_enamine959,Oc1cccc(O)c1
fda_enamine960,Oc1cc(O)cc(O)c1
fda_enamine961,Sc1ncnc2[nH]cnc12
fda_enamine962,CC(=O)NCCCCCC(=O)O
fda_enamine963,Cl.COc1ccc(OC)c(c1)C(O)C(C)N
fda_enamine964,Cl.CC(NC(C)(C)C)C(=O)c1cccc(Cl)c1
fda_enamine965,OC(=O)Cc1ccccc1Nc1c(Cl)cccc1Cl
fda_enamine966,CCC(=C)C(=O)c1ccc(OCC(=O)O)c(Cl)c1Cl
fda_enamine967,CN(C)CCOC(c1ccccc1)c1ccccc1C.OC(=O)CC(O)(CC(=O)O)C(=O)O
fda_enamine968,CCCc1nn(C)c2c(=O)nc([nH]c12)c1cc(ccc1OCC)S(=O)(=O)N1CCN(C)CC1
fda_enamine969,CCCCCCCCC(=O)NCc1ccc(O)c(OC)c1
fda_enamine970,Cc1nc(C(=O)NCC(=O)O)c(O)c2ccc(Oc3ccccc3)cc12
fda_enamine971,CCCCC(F)(F)[C@@]1(O)CC[C@@H]2[C@@H](CCCCCCC(=O)O)C(=O)C[C@H]2O1
fda_enamine972,c1cn(cn1)C(c1ccccc1)c1ccc(cc1)c1ccccc1
fda_enamine973,COc1cc2ncnc(Nc3ccc(F)c(Cl)c3)c2cc1OCCCN1CCOCC1
fda_enamine974,CC(C)N(CC[C@H](c1ccccc1)c1cc(C)ccc1O)C(C)C.O[C@H]([C@@H](O)C(=O)O)C(=O)O
fda_enamine975,NC(=NCCCCC1NC(=O)CCSSC[C@H](NC(=O)[C@@H]2CCCN2C(=O)[C@H](Cc2c[nH]c3ccccc23)NC(=O)[C@H](CC(=O)O)NC(=O)CNC1=O)C(=O)N)N
fda_enamine976,CCOc1ccc2nc(SCCN3CCOCC3)[nH]c2c1
fda_enamine977,Cl.CN(Cc1cc(Br)cc(Br)c1N)C1CCCCC1
fda_enamine978,C[C@H](CCC(=O)O)[C@H]1CC[C@H]2[C@@H]3[C@H](O)C[C@@H]4C[C@H](O)CC[C@]4(C)[C@H]3CC[C@]12C
fda_enamine979,COc1cc(Nc2c(C#N)cnc3cc(OCCCN4CCN(C)CC4)c(OC)cc23)c(Cl)cc1Cl
fda_enamine980,Nc1ncnc2n(nc(c3ccc(Oc4ccccc4)cc3)c12)[C@@H]1CCCN(C1)C(=O)C=C
fda_enamine981,C[C@H]1CN(C[C@@H](C)N1)c1c(F)c(N)c2c(=O)c(cn(C3CC3)c2c1F)C(=O)O
fda_enamine982,O=C/C=C/c1ccccc1
fda_enamine983,Oc1ccc(Cl)cc1C(=O)Nc1ccc(cc1Cl)[N+](=O)[O-]
fda_enamine984,Cl.COc1cccc2C(=O)c3c(O)c4C[C@](O)(C[C@H](O[C@H]5C[C@H](N)[C@H](O)[C@H](C)O5)c4c(O)c3C(=O)c12)C(=O)CO
fda_enamine985,CC(=O)N(c1onc(C)c1C)S(=O)(=O)c1ccc(N)cc1
fda_enamine986,Clc1ccc2C(=C3CCNCC3)c3ncccc3CCc2c1
fda_enamine987,Nc1nc(CC(=O)Nc2ccc(CCNC[C@H](O)c3ccccc3)cc2)cs1
fda_enamine988,Cl.CN(C)[C@H]1[C@@H]2C[C@@H]3[C@H](O)c4c(Cl)ccc(O)c4C(=O)C3=C(O)[C@]2(O)C(=O)C(=C1O)C(=O)N
fda_enamine989,CCN1CCN(C(=O)N[C@@H](C(=O)N[C@H]2[C@H]3SC(C)(C)[C@@H](N3C2=O)C(=O)O)c2ccccc2)C(=O)C1=O
fda_enamine990,FC(F)(F)CNC(=O)C1(CCCCN2CCC(CC2)NC(=O)c2ccccc2c2ccc(cc2)C(F)(F)F)c2ccccc2-c2ccccc12
fda_enamine991,N[C@H](CO)C(=O)O
fda_enamine992,Oc1ccc(Cl)cc1
fda_enamine993,OC(=O)[C@@H]1CCC(=O)N1
fda_enamine994,[Cl-].C[n+]1ccccc1/C=N/O
fda_enamine995,CN(C)/N=N/c1[nH]cnc1C(=O)N
fda_enamine996,Oc1ccc([N+](=O)[O-])c2cccnc12
fda_enamine997,CC(C)Cc1ccc(cc1)C(C)C(=O)O
fda_enamine998,CCOc1ccccc1OCC(O)CO
fda_enamine999,CC1=C(SCCO1)C(=O)Nc1ccccc1
fda_enamine1000,CCC1(CCC(=O)NC1=O)c1ccc(N)cc1
fda_enamine1001,[Na+].CCCCCCCCCCCCOS(=O)(=O)[O-]
fda_enamine1002,Nc1cccc2C(=O)N(Cc12)C1CCC(=O)NC1=O
fda_enamine1003,OC(=O)c1ccccc1Nc1cccc(c1)C(F)(F)F
fda_enamine1004,OC(=O)c1nn(Cc2ccc(Cl)cc2Cl)c2ccccc12
fda_enamine1005,OC(Cn1cncn1)(Cn1cncn1)c1ccc(F)cc1F
fda_enamine1006,COc1ccc2n(C(=O)c3ccc(Cl)cc3)c(C)c(CC(=O)O)c2c1
fda_enamine1007,Cc1nc2CCCCn2c(=O)c1CCN1CCC(CC1)c1noc2cc(F)ccc12
fda_enamine1008,COc1ccccc1Oc1c(NS(=O)(=O)c2ccc(cc2)C(C)(C)C)nc(nc1OCCO)c1ncccn1
fda_enamine1009,C[C@H]1O[C@H](C[C@H](O)[C@@H]1O)O[C@@H]1[C@@H](C)O[C@H](C[C@@H]1O)O[C@@H]1[C@@H](C)O[C@H](C[C@@H]1O)O[C@H]1CC[C@@]2(C)[C@H](CC[C@@H]3[C@@H]2CC[C@]2(C)[C@H](CC[C@]32O)C2=CC(=O)OC2)C1
fda_enamine1010,[Na+].[Na+].C[C@@H]1O[C@@H]1P(=O)([O-])[O-]
fda_enamine1011,C[C@H](CCC(=O)O)[C@H]1CC[C@H]2[C@@H]3[C@H](O)C[C@@H]4C[C@H](O)CC[C@]4(C)[C@H]3C[C@H](O)[C@]12C
fda_enamine1012,CCOC(=O)N1CCC(=C2c3ccc(Cl)cc3CCc3cccnc23)CC1
fda_enamine1013,CSc1nc2cc(Cl)c(Oc3cccc(Cl)c3Cl)cc2[nH]1
fda_enamine1014,CNC(=O)c1ccccc1Sc1ccc2c(/C=C/c3ccccn3)n[nH]c2c1
fda_enamine1015,CN1[C@H]2CC[C@@H]1C[C@@H](C2)OC(c1ccccc1)c1ccccc1.CS(=O)(=O)O
fda_enamine1016,OC[C@H]1O[C@@H](Oc2cc3ccc(=O)oc3cc2O)[C@H](O)[C@@H](O)[C@@H]1O
fda_enamine1017,CC1(C)S[C@@H]2[C@H](NC(=O)[C@H](N)c3ccccc3)C(=O)N2[C@H]1C(=O)O
fda_enamine1018,CCOc1nc2cccc(C(=O)OC(C)OC(=O)OC3CCCCC3)c2n1Cc1ccc(cc1)c1ccccc1c1nnn[nH]1
fda_enamine1019,COc1ccc(CNc2nc(ncc2C(=O)NCc2ncccn2)N2CCC[C@H]2CO)cc1Cl
fda_enamine1020,OC[C@H]1O[C@H]([C@H](O)[C@@H](O)[C@@H]1O)c1ccc(Cl)c(Cc2ccc(O[C@H]3CCOC3)cc2)c1
fda_enamine1021,C[C@]12CC[C@H]3C([C@@H]1CC[C@@H]2O)[C@H](CCCCCCCCCS(=O)CCCC(F)(F)C(F)(F)F)Cc1cc(O)ccc31
fda_enamine1022,Cl.NCCS
fda_enamine1023,Nc1ccc(O)c(c1)C(=O)O
fda_enamine1024,O=C1NS(=O)(=O)c2ccccc12
fda_enamine1025,Cl.CC(N)COc1c(C)cccc1C
fda_enamine1026,Nc1nc2ccc(OC(F)(F)F)cc2s1
fda_enamine1027,C[C@](N)(Cc1ccc(O)c(O)c1)C(=O)O
fda_enamine1028,Nc1cc(nc(N)[n+]1[O-])N1CCCCC1
fda_enamine1029,CC(=O)Nc1c(I)c(NC(=O)C)c(I)c(C(=O)O)c1I
fda_enamine1030,Cl.CN(C)CCCN1c2ccccc2Sc2ccccc12
fda_enamine1031,CC1(C)CCC(=C(C1)c1ccc(Cl)cc1)CN1CCN(CC1)c1ccc(C(=O)NS(=O)(=O)c2ccc(NCC3CCOCC3)c(c2)[N+](=O)[O-])c(Oc2cnc3[nH]ccc3c2)c1
fda_enamine1032,Cl.CCOc1ccc(CC2=NCCc3cc(OCC)c(OCC)cc23)cc1OCC
fda_enamine1033,[Br-].CC[N+](C)(CC)CCOC(=O)C(O)(C1CCCCC1)c1ccccc1
fda_enamine1034,[K+].CC1(C)S[C@@H]2[C@H](NC(=O)Cc3ccccc3)C(=O)N2[C@H]1C(=O)[O-]
fda_enamine1035,CC1(C)[C@@H](N2[C@@H](CC2=O)S1(=O)=O)C(=O)O
fda_enamine1036,C[C@]12CC[C@H]3[C@@H](CC[C@@]45O[C@@H]4C(=C(C[C@]35C)C#N)O)[C@@H]1CC[C@@H]2O
fda_enamine1037,C[C@H](CCC(=O)O)[C@H]1CC[C@H]2[C@@H]3CC[C@@H]4C[C@H](O)CC[C@]4(C)[C@H]3C[C@H](O)[C@]12C
fda_enamine1038,Nc1ccn([C@@H]2CS[C@H](CO)O2)c(=O)n1
fda_enamine1039,Nc1ncnc2n(cnc12)[C@@H]1O[C@H](COP(=O)(O)O)[C@@H](O)[C@H]1O
fda_enamine1040,[Na+].OC[C@H](O)[C@H]1OC(=O)C(=C1[O-])O
fda_enamine1041,Clc1sccc1COC(Cn1ccnc1)c1ccc(Cl)cc1Cl
fda_enamine1042,CC(C)CCC[C@@H](C)CCC[C@@H](C)CCC[C@]1(C)CCc2c(C)c(OC(=O)C)c(C)c(C)c2O1
fda_enamine1043,NS(=O)(=O)c1cc2c(NC(Cc3ccccc3)NS2(=O)=O)cc1C(F)(F)F
fda_enamine1044,Cc1ccc(cc1Cc1ccc(s1)c1ccc(F)cc1)[C@@H]1O[C@H](CO)[C@@H](O)[C@H](O)[C@H]1O
fda_enamine1045,CO[C@@H]1C[C@H](C[C@@H](C)[C@@H]2CC(=O)[C@H](C)/C=C(\C)/[C@@H](O)C(OC)C(=O)[C@H](C)C[C@H](C)/C=C/C=C/C=C(\C)/C(C[C@@H]3CC[C@@H](C)[C@@](O)(O3)C(=O)C(=O)N3CCCC[C@H]3C(=O)O2)OC)CC[C@H]1O
fda_enamine1046,C[C@H](/C=C/[C@H](C)C(C)(C)O)[C@H]1CC[C@H]2/C(=C/C=C\3/C[C@@H](O)C[C@H](O)C3)/CCC[C@]12C
fda_enamine1047,CC[C@@H]1CN(C[C@@H]1c1cnc2cnc3[nH]ccc3n12)C(=O)NCC(F)(F)F
fda_enamine1048,Cl.Cc1cn2nc(cc(C)c2n1)c1cc(=O)n2cc(ccc2n1)N1CCNC2(CC2)C1
fda_enamine1049,Cl.Cl.NCCc1c[nH]cn1
fda_enamine1050,Nc1nc(N)nc(NC2CC2)n1
fda_enamine1051,[Na+].Cc1ccc(cc1)S(=O)(=O)[N-]Cl
fda_enamine1052,OC(=O)CCCCCCCCC=C
fda_enamine1053,Fc1cn(C2CCCO2)c(=O)[nH]c1=O
fda_enamine1054,Cn1c(=O)n(C)c2nc(Br)[nH]c2c1=O
fda_enamine1055,Nc1c2CCCCc2nc2ccccc12
fda_enamine1056,Cl.C1CN=C(N1)C1CCCc2ccccc12
fda_enamine1057,Cc1[nH]c(=O)c(C#N)cc1c1ccncc1
fda_enamine1058,Nc1ccc(cc1)S(=O)(=O)Nc1ccccn1
fda_enamine1059,NC(=O)c1cn(Cc2c(F)cccc2F)nn1
fda_enamine1060,O.[Na+].CCCCCN(C)CCC(O)(P(=O)(O)O)P(=O)(O)[O-]
fda_enamine1061,Cl.CN(C)CCOC(c1ccccc1)c1ccccc1
fda_enamine1062,NC(=O)N1c2ccccc2CC(=O)c2ccccc12
fda_enamine1063,C[C@@H](c1ncncc1F)[C@](O)(Cn1cncn1)c1ccc(F)cc1F
fda_enamine1064,Nc1ncn([C@@H]2O[C@H](CO)[C@@H](O)[C@H]2O)c(=O)n1
fda_enamine1065,C[C@H]1CN(C[C@@H](C)O1)c1ccc(NC(=O)c2cccc(c2C)c2ccc(OC(F)(F)F)cc2)cn1
fda_enamine1066,Cc1nc2-c3c(N(CCc2[nH]1)C(=O)c1ccc(NC(=O)c2ccccc2c2ccccc2)cc1)cccc3
fda_enamine1067,COC(=O)[C@@H](N1CCc2sccc2C1)c1ccccc1Cl.OS(=O)(=O)O
fda_enamine1068,COCCCOc1cc(C[C@@H](C[C@H](N)[C@@H](O)C[C@@H](C(C)C)C(=O)NCC(C)(C)C(=O)N)C(C)C)ccc1OC.COCCCOc1cc(C[C@@H](C[C@H](N)[C@@H](O)C[C@@H](C(C)C)C(=O)NCC(C)(C)C(=O)N)C(C)C)ccc1OC.OC(=O)/C=C/C(=O)O
fda_enamine1069,Br.NC(=O)C([C@@H]1CCN(CCc2ccc3OCCc3c2)C1)(c1ccccc1)c1ccccc1
fda_enamine1070,COc1cc2CCC(NC(=O)C)c3cc(=O)c(OC)ccc3-c2c(OC)c1OC
fda_enamine1071,Cc1cn([C@H]2C[C@H](N=[N+]=[N-])[C@@H](CO)O2)c(=O)[nH]c1=O
fda_enamine1072,N#Cc1ccc(cc1)C(c1ccc(C#N)cc1)n1cncn1
fda_enamine1073,CC1=C(N2[C@H](SC1)[C@H](NC(=O)[C@H](N)c1ccccc1)C2=O)C(=O)O
fda_enamine1074,OC(=O)c1cc(/N=N/c2ccc(cc2)S(=O)(=O)Nc2ccccn2)ccc1O
fda_enamine1075,CN1[C@H]2CCC[C@@H]1C[C@@H](C2)NC(=O)c1nn(C)c2ccccc12
fda_enamine1076,Cc1ccccc1C(=O)Nc1ccc(C(=O)N2CCCC(O)c3cc(Cl)ccc23)c(C)c1
fda_enamine1077,OC(=O)C(Cc1cc(=O)[nH]c2ccccc12)NC(=O)c1ccc(Cl)cc1
fda_enamine1078,CN1C[C@@H](C[C@H]2[C@H]1Cc1c[nH]c3cccc2c13)C(=O)N[C@]1(C)O[C@@]2(O)[C@@H]3CCCN3C(=O)[C@H](Cc3ccccc3)N2C1=O.CS(=O)(=O)O
fda_enamine1079,Cc1cccc(Cl)c1NC(=O)c1cnc(Nc2cc(nc(C)n2)N2CCN(CCO)CC2)s1
fda_enamine1080,CC(C)(C)C(=O)OCOP(=O)(COCCn1cnc2c(N)ncnc12)OCOC(=O)C(C)(C)C
fda_enamine1081,C[C@@H](c1nc(cs1)c1ccc(C#N)cc1)[C@](O)(Cn1cncn1)c1cc(F)ccc1F
fda_enamine1082,CC/C(=C(\c1ccccc1)/c1ccc(OCCN(C)C)cc1)/c1ccccc1
fda_enamine1083,C[C@@H]1CN(c2nc(ccc2C(=O)NS(=O)(=O)c2cn(C)nc2C)n2ccc(OCC(C)(C)C(F)(F)F)n2)C(C)(C)C1
fda_enamine1084,OC(=O)CCC(=O)O
fda_enamine1085,CSCCC(N)C(=O)O
fda_enamine1086,OC(=O)c1cccnc1
fda_enamine1087,OB1OCc2cc(F)ccc12
fda_enamine1088,NC(=O)CN1C[C@H](O)CC1=O
fda_enamine1089,CC(=O)Oc1ccccc1C(=O)O
fda_enamine1090,CCNCC(O)c1cccc(O)c1
fda_enamine1091,CC(=O)NS(=O)(=O)c1ccc(N)cc1
fda_enamine1092,CCN(CC)C(=O)c1cccc(C)c1
fda_enamine1093,CC(C)NCC(O)c1ccccc1Cl
fda_enamine1094,CCCCOCCOC(=O)c1cccnc1
fda_enamine1095,Cc1[nH]o/c(=N/S(=O)(=O)c2ccc(N)cc2)/c1C
fda_enamine1096,ClC(Cl)C(c1ccc(Cl)cc1)c1ccccc1Cl
fda_enamine1097,[Na+].Cc1ccc(Cl)c(Nc2ccccc2C(=O)[O-])c1Cl
fda_enamine1098,CN(C)CCC(c1ccc(Cl)cc1)c1ccccn1.OC(=O)/C=C\C(=O)O
fda_enamine1099,CCCCC(CC)COC(=O)c1ccc(cc1)N(C)C
fda_enamine1100,CN1C2CCC1CC(C2)OC(=O)C(CO)c1ccccc1.CN1C2CCC1CC(C2)OC(=O)C(CO)c1ccccc1.OS(=O)(=O)O
fda_enamine1101,CC(=O)c1ccc(cc1)S(=O)(=O)NC(=O)NC1CCCCC1
fda_enamine1102,CCOC(=O)C1=C(C)NC(=C(C1c1cccc(Cl)c1Cl)C(=O)OC)C
fda_enamine1103,Cl.CCc1ccc(CCOc2ccc(CC3SC(=O)NC3=O)cc2)nc1
fda_enamine1104,COC(=O)C1=C(C)NC(=C(C1c1ccccc1[N+](=O)[O-])C(=O)OC)C
fda_enamine1105,[Na+].N[C@@H](Cc1cc(I)c(Oc2cc(I)c(O)c(I)c2)c(I)c1)C(=O)[O-]
fda_enamine1106,OCCN1C[C@H](O)[C@@H](O)[C@H](O)[C@H]1CO
fda_enamine1107,CCCc1nc(c(C(=O)OCc2oc(=O)oc2C)n1Cc1ccc(cc1)c1ccccc1c1nnn[nH]1)C(C)(C)O
fda_enamine1108,[Na+].Cc1nnc(SCC2=C(N3[C@H](SC2)[C@H](NC(=O)Cn2cnnn2)C3=O)C(=O)[O-])s1
fda_enamine1109,CN1CC(c2ccccc2)c2cccc(N)c2C1
fda_enamine1110,CCC1OC(=O)[C@H](C)[C@@H](O[C@H]2C[C@@](C)(OC)[C@@H](O)[C@H](C)O2)[C@H](C)[C@@H](O[C@@H]2O[C@H](C)C[C@@H]([C@H]2O)N(C)C)[C@](C)(O)C[C@@H](C)CN(C)[C@H](C)[C@@H](O)[C@]1(C)O
fda_enamine1111,O=C1C(CCS(=O)c2ccccc2)C(=O)N(N1c1ccccc1)c1ccccc1
fda_enamine1112,CCOC(=O)[C@H](CCc1ccccc1)N[C@@H](C)C(=O)N1[C@@H](C[C@@H]2CCC[C@H]12)C(=O)O
fda_enamine1113,COc1cc2CC(CC3CCN(Cc4ccccc4)CC3)C(=O)c2cc1OC
fda_enamine1114,C[C@H]1C[C@H]2[C@@H]3CCC4=CC(=O)C=C[C@]4(C)[C@H]3C(=O)C[C@]2(C)[C@@]1(O)C(=O)CO
fda_enamine1115,Cc1cnc(cn1)C(=O)NCCc1ccc(cc1)S(=O)(=O)NC(=O)NC1CCCCC1
fda_enamine1116,CNC[C@@H]1CC[C@@H](N)C(OC2[C@@H](N)C[C@@H](N)[C@H](O[C@H]3OC[C@](C)(O)[C@H](NC)[C@H]3O)[C@H]2O)O1
fda_enamine1117,CC(C)N(CCCCOCC(=O)NS(=O)(=O)C)c1cnc(c2ccccc2)c(n1)c1ccccc1
fda_enamine1118,Fc1ccc(cc1)C(=O)CCCN1CCC(=CC1)n1c(=O)[nH]c2ccccc12
fda_enamine1119,CC[C@@]1(O)C(=O)OCc2c1cc1-c3nc4ccc(O)c(CN(C)C)c4cc3Cn1c2=O
fda_enamine1120,Cl.COCCOc1cc2ncnc(Nc3cccc(C#C)c3)c2cc1OCCOC
fda_enamine1121,CC(C)OC(=O)[C@H](C)N[P@](=O)(OC[C@H]1O[C@@H](n2ccc(=O)[nH]c2=O)[C@](C)(F)[C@@H]1O)Oc1ccccc1
fda_enamine1122,COc1cc(C)c(/C=C/C(=C/C=C/C(=C/C(=O)O)/C)/C)c(C)c1C
